1,1,256
2,1,0
3,1,547
4,1,0
5,1,0
6,1,0
7,1,485
8,1,0
9,1,374
10,1,424
11,1,150
12,1,0
13,1,210
14,1,212
15,1,490
16,1,0
17,1,212
18,1,0
19,1,0
20,1,0
21,1,0
22,1,599
23,1,0
24,1,561
25,1,527
26,1,554
27,1,289
28,1,0
29,1,390
30,1,351
31,1,140
32,1,337
33,1,0
34,1,282
35,1,0
36,1,176
37,1,0
38,1,0
39,1,0
40,1,0
41,1,0
42,1,0
43,1,0
44,1,0
45,1,0
46,1,597
47,1,0
48,1,592
49,1,0
50,1,0
51,1,394
52,1,0
53,1,496
54,1,224
55,1,366
56,1,304
57,1,160
58,1,424
59,1,0
60,1,0
61,1,0
62,1,247
63,1,148
64,1,0
65,1,428
66,1,504
67,1,285
68,1,0
69,1,191
70,1,173
71,1,283
72,1,0
73,1,506
74,1,0
75,1,0
76,1,0
77,1,209
78,1,0
79,1,0
80,1,0
81,1,487
82,1,0
83,1,0
84,1,248
85,1,150
86,1,0
87,1,0
88,1,0
89,1,284
90,1,529
91,1,0
92,1,547
93,1,0
94,1,0
95,1,0
96,1,0
97,1,581
98,1,0
99,1,0
100,1,274
101,1,0
102,1,129
103,1,311
104,1,591
105,1,0
106,1,201
107,1,282
108,1,0
109,1,0
110,1,405
111,1,0
112,1,0
113,1,350
114,1,428
115,1,0
116,1,151
117,1,0
118,1,0
119,1,0
120,1,0
121,1,308
122,1,306
123,1,305
124,1,0
125,1,0
126,1,322
127,1,115
128,1,0
129,1,0
130,1,0
131,1,203
132,1,0
133,1,193
134,1,0
135,1,523
136,1,0
137,1,0
138,1,246
139,1,0
140,1,554
141,1,0
142,1,0
143,1,0
144,1,241
145,1,192
146,1,0
147,1,0
148,1,0
149,1,179
150,1,0
151,1,242
152,1,452
153,1,384
154,1,242
155,1,0
156,1,0
157,1,596
158,1,246
159,1,0
160,1,373
161,1,0
162,1,143
163,1,505
164,1,160
165,1,0
166,1,0
167,1,164
168,1,197
169,1,0
170,1,0
171,1,0
172,1,0
173,1,0
174,1,252
175,1,279
176,1,496
177,1,322
178,1,290
179,1,307
180,1,202
181,1,173
182,1,136
183,1,220
184,1,0
185,1,0
186,1,448
187,1,0
188,1,0
189,1,0
190,1,368
191,1,447
192,1,180
193,1,211
194,1,0
195,1,0
196,1,287
197,1,411
198,1,0
199,1,0
200,1,537
201,1,0
202,1,378
203,1,0
204,1,0
205,1,123
206,1,146
207,1,0
208,1,0
209,1,154
210,1,424
211,1,0
212,1,491
213,1,0
214,1,372
215,1,0
216,1,0
217,1,432
218,1,282
219,1,500
220,1,385
221,1,0
222,1,216
223,1,0
224,1,195
225,1,0
226,1,225
227,1,302
228,1,0
229,1,0
230,1,198
231,1,0
232,1,131
233,1,0
234,1,0
235,1,192
236,1,325
237,1,573
238,1,0
239,1,0
240,1,0
241,1,271
242,1,0
243,1,426
244,1,169
245,1,285
246,1,191
247,1,0
248,1,0
249,1,0
250,1,0
251,1,371
252,1,458
253,1,428
254,1,0
255,1,205
256,1,489
257,1,0
258,1,0
259,1,308
260,1,0
261,1,290
262,1,530
263,1,269
264,1,501
265,1,411
266,1,0
267,1,453
268,1,421
269,1,263
270,1,0
271,1,211
272,1,519
273,1,284
274,1,482
275,1,0
276,1,0
277,1,0
278,1,415
279,1,0
280,1,505
281,1,0
282,1,0
283,1,0
284,1,545
285,1,551
286,1,401
287,1,0
288,1,365
289,1,0
290,1,0
291,1,0
292,1,271
293,1,0
294,1,303
295,1,0
296,1,258
297,1,111
298,1,559
299,1,0
300,1,471
301,1,0
302,1,539
303,1,509
304,1,0
305,1,373
306,1,0
307,1,0
308,1,498
309,1,524
310,1,0
311,1,0
312,1,0
313,1,0
314,1,0
315,1,0
316,1,0
317,1,326
318,1,263
319,1,0
320,1,0
321,1,526
322,1,0
323,1,0
324,1,141
325,1,276
326,1,456
327,1,0
328,1,0
329,1,594
330,1,495
331,1,0
332,1,0
333,1,0
334,1,0
335,1,530
336,1,405
337,1,0
338,1,585
339,1,119
340,1,368
341,1,0
342,1,573
343,1,0
344,1,0
345,1,281
346,1,0
347,1,0
348,1,0
349,1,475
350,1,0
351,1,137
352,1,0
353,1,435
354,1,0
355,1,0
356,1,295
357,1,0
358,1,430
359,1,0
360,1,0
361,1,0
362,1,0
363,1,0
364,1,0
365,1,0
366,1,220
367,1,114
368,1,0
369,1,0
370,1,0
371,1,0
372,1,0
373,1,0
374,1,0
375,1,491
376,1,0
377,1,0
378,1,141
379,1,0
380,1,0
381,1,246
382,1,287
383,1,229
384,1,294
385,1,0
386,1,370
387,1,527
388,1,0
389,1,0
390,1,0
391,1,0
392,1,130
393,1,149
394,1,565
395,1,0
396,1,404
397,1,518
398,1,0
399,1,0
400,1,202
401,1,0
402,1,217
403,1,190
404,1,0
405,1,422
406,1,318
407,1,0
408,1,553
409,1,0
410,1,0
411,1,584
412,1,371
413,1,343
414,1,0
415,1,0
416,1,0
417,1,582
418,1,0
419,1,423
420,1,458
421,1,0
422,1,0
423,1,0
424,1,435
425,1,0
426,1,0
427,1,547
428,1,496
429,1,582
430,1,0
431,1,532
432,1,190
433,1,590
434,1,0
435,1,201
436,1,0
437,1,356
438,1,0
439,1,0
440,1,0
441,1,340
442,1,452
443,1,0
444,1,0
445,1,123
446,1,0
447,1,0
448,1,0
449,1,409
450,1,0
451,1,174
452,1,377
453,1,0
454,1,0
455,1,201
456,1,0
457,1,445
458,1,0
459,1,0
460,1,0
461,1,348
462,1,0
463,1,523
464,1,0
465,1,0
466,1,345
467,1,411
468,1,0
469,1,0
470,1,0
471,1,419
472,1,331
473,1,0
474,1,176
475,1,315
476,1,0
477,1,0
478,1,308
479,1,0
480,1,169
481,1,0
482,1,0
483,1,143
484,1,380
485,1,0
486,1,0
487,1,0
488,1,111
489,1,554
490,1,320
491,1,0
492,1,0
493,1,346
494,1,166
495,1,290
496,1,0
497,1,587
498,1,0
499,1,0
500,1,575
501,1,357
502,1,0
503,1,178
504,1,537
505,1,0
506,1,0
507,1,221
508,1,0
509,1,542
510,1,465
511,1,285
512,1,401
513,1,0
514,1,0
515,1,164
516,1,0
517,1,0
518,1,0
519,1,242
520,1,251
521,1,204
522,1,0
523,1,0
524,1,0
525,1,298
526,1,0
527,1,0
528,1,0
529,1,0
530,1,166
531,1,0
532,1,561
533,1,566
534,1,437
535,1,549
536,1,233
537,1,0
538,1,162
539,1,417
540,1,252
541,1,0
542,1,346
543,1,0
544,1,168
545,1,0
546,1,0
547,1,0
548,1,0
549,1,328
550,1,0
551,1,0
552,1,0
553,1,0
554,1,0
555,1,0
556,1,0
557,1,0
558,1,0
559,1,396
560,1,0
561,1,246
562,1,210
563,1,0
564,1,0
565,1,230
566,1,0
567,1,0
568,1,272
569,1,367
570,1,0
571,1,145
572,1,146
573,1,549
574,1,0
575,1,133
576,1,403
577,1,381
578,1,0
579,1,0
580,1,0
581,1,0
582,1,541
583,1,451
584,1,0
585,1,0
586,1,523
587,1,0
588,1,524
589,1,0
590,1,239
591,1,0
592,1,393
593,1,0
594,1,529
595,1,0
596,1,0
597,1,538
598,1,558
599,1,486
600,1,0
601,1,465
602,1,400
603,1,490
604,1,561
605,1,0
606,1,488
607,1,0
608,1,169
609,1,0
610,1,139
611,1,278
612,1,274
613,1,0
614,1,359
615,1,128
616,1,280
617,1,468
618,1,465
619,1,0
620,1,490
621,1,0
622,1,177
623,1,398
624,1,0
625,1,0
626,1,213
627,1,0
628,1,0
629,1,0
630,1,274
631,1,0
632,1,179
633,1,0
634,1,0
635,1,400
636,1,535
637,1,189
638,1,0
639,1,386
640,1,0
641,1,432
642,1,0
643,1,463
644,1,507
645,1,434
646,1,0
647,1,391
648,1,0
649,1,175
650,1,0
651,1,341
652,1,477
653,1,0
654,1,356
655,1,0
656,1,588
657,1,396
658,1,149
659,1,0
660,1,0
661,1,161
662,1,0
663,1,0
664,1,0
665,1,331
666,1,374
667,1,0
668,1,214
669,1,543
670,1,275
671,1,0
672,1,0
673,1,355
674,1,0
675,1,565
676,1,0
677,1,312
678,1,550
679,1,0
680,1,0
681,1,0
682,1,0
683,1,0
684,1,0
685,1,425
686,1,421
687,1,551
688,1,0
689,1,0
690,1,0
691,1,0
692,1,0
693,1,0
694,1,226
695,1,262
696,1,157
697,1,382
698,1,488
699,1,0
700,1,342
701,1,0
702,1,390
703,1,0
704,1,257
705,1,0
706,1,0
707,1,0
708,1,334
709,1,146
710,1,0
711,1,141
712,1,0
713,1,307
714,1,0
715,1,0
716,1,328
717,1,0
718,1,0
719,1,326
720,1,533
721,1,561
722,1,0
723,1,213
724,1,374
725,1,553
726,1,0
727,1,0
728,1,0
729,1,0
730,1,123
731,1,0
732,1,0
733,1,146
734,1,253
735,1,0
736,1,538
737,1,356
738,1,0
739,1,202
740,1,0
741,1,378
742,1,0
743,1,0
744,1,0
745,1,426
746,1,247
747,1,0
748,1,396
749,1,0
750,1,384
751,1,484
752,1,0
753,1,0
754,1,510
755,1,540
756,1,0
757,1,220
758,1,0
759,1,467
760,1,0
761,1,174
762,1,485
763,1,543
764,1,0
765,1,0
766,1,0
767,1,0
768,1,0
769,1,0
770,1,0
771,1,354
772,1,0
773,1,202
774,1,0
775,1,0
776,1,0
777,1,0
778,1,0
779,1,201
780,1,428
781,1,0
782,1,223
783,1,192
784,1,512
785,1,133
786,1,134
787,1,0
788,1,343
789,1,0
790,1,472
791,1,363
792,1,0
793,1,0
794,1,469
795,1,0
796,1,428
797,1,451
798,1,455
799,1,479
800,1,535
801,1,0
802,1,0
803,1,390
804,1,0
805,1,392
806,1,316
807,1,242
808,1,369
809,1,250
810,1,0
811,1,0
812,1,0
813,1,459
814,1,0
815,1,0
816,1,485
817,1,192
818,1,163
819,1,0
820,1,580
821,1,194
822,1,0
823,1,220
824,1,120
825,1,0
826,1,0
827,1,0
828,1,161
829,1,581
830,1,224
831,1,0
832,1,0
833,1,0
834,1,376
835,1,351
836,1,225
837,1,430
838,1,0
839,1,0
840,1,0
841,1,562
842,1,148
843,1,0
844,1,0
845,1,0
846,1,493
847,1,0
848,1,323
849,1,227
850,1,0
851,1,0
852,1,0
853,1,442
854,1,512
855,1,0
856,1,0
857,1,296
858,1,0
859,1,0
860,1,0
861,1,190
862,1,223
863,1,0
864,1,195
865,1,212
866,1,188
867,1,263
868,1,0
869,1,599
870,1,139
871,1,374
872,1,0
873,1,0
874,1,404
875,1,219
876,1,0
877,1,501
878,1,316
879,1,327
880,1,0
881,1,0
882,1,0
883,1,0
884,1,0
885,1,0
886,1,0
887,1,315
888,1,168
889,1,153
890,1,0
891,1,0
892,1,437
893,1,486
894,1,0
895,1,454
896,1,0
897,1,229
898,1,223
899,1,0
900,1,0
901,1,365
902,1,0
903,1,172
904,1,0
905,1,143
906,1,589
907,1,0
908,1,0
909,1,483
910,1,343
911,1,0
912,1,0
913,1,0
914,1,368
915,1,267
916,1,0
917,1,0
918,1,465
919,1,0
920,1,483
921,1,0
922,1,0
923,1,0
924,1,0
925,1,369
926,1,0
927,1,0
928,1,0
929,1,0
930,1,584
931,1,501
932,1,0
933,1,0
934,1,567
935,1,450
936,1,0
937,1,0
938,1,0
939,1,561
940,1,290
941,1,0
942,1,0
943,1,0
944,1,267
945,1,281
946,1,0
947,1,206
948,1,582
949,1,0
950,1,406
951,1,0
952,1,216
953,1,418
954,1,0
955,1,0
956,1,0
957,1,0
958,1,0
959,1,0
960,1,0
961,1,457
962,1,0
963,1,123
964,1,0
965,1,363
966,1,593
967,1,352
968,1,0
969,1,0
970,1,0
971,1,0
972,1,0
973,1,595
974,1,250
975,1,429
976,1,0
977,1,254
978,1,191
979,1,0
980,1,0
981,1,259
982,1,240
983,1,227
984,1,480
985,1,0
986,1,183
987,1,370
988,1,0
989,1,0
990,1,0
991,1,581
992,1,0
993,1,0
994,1,0
995,1,0
996,1,0
997,1,0
998,1,0
999,1,291
1000,1,287
1001,1,0
1002,1,218
1003,1,0
1004,1,0
1005,1,0
1006,1,0
1007,1,0
1008,1,0
1009,1,281
1010,1,364
1011,1,282
1012,1,0
1013,1,196
1014,1,224
1015,1,0
1016,1,113
1017,1,0
1018,1,0
1019,1,0
1020,1,0
1021,1,198
1022,1,484
1023,1,596
1024,1,123
1025,1,261
1026,1,505
1027,1,0
1028,1,0
1029,1,511
1030,1,383
1031,1,557
1032,1,0
1033,1,0
1034,1,0
1035,1,421
1036,1,570
1037,1,302
1038,1,549
1039,1,123
1040,1,0
1041,1,0
1042,1,0
1043,1,285
1044,1,509
1045,1,569
1046,1,0
1047,1,217
1048,1,286
1049,1,0
1050,1,402
1051,1,0
1052,1,311
1053,1,415
1054,1,0
1055,1,289
1056,1,0
1057,1,0
1058,1,0
1059,1,155
1060,1,0
1061,1,467
1062,1,0
1063,1,0
1064,1,567
1065,1,0
1066,1,482
1067,1,0
1068,1,308
1069,1,331
1070,1,163
1071,1,583
1072,1,592
1073,1,299
1074,1,0
1075,1,358
1076,1,0
1077,1,363
1078,1,315
1079,1,0
1080,1,446
1081,1,0
1082,1,268
1083,1,352
1084,1,0
1085,1,152
1086,1,233
1087,1,0
1088,1,0
1089,1,232
1090,1,408
1091,1,365
1092,1,0
1093,1,0
1094,1,287
1095,1,261
1096,1,329
1097,1,545
1098,1,475
1099,1,488
1100,1,421
1101,1,297
1102,1,0
1103,1,0
1104,1,470
1105,1,0
1106,1,0
1107,1,229
1108,1,235
1109,1,0
1110,1,254
1111,1,0
1112,1,594
1113,1,0
1114,1,416
1115,1,0
1116,1,0
1117,1,247
1118,1,0
1119,1,0
1120,1,439
1121,1,0
1122,1,0
1123,1,0
1124,1,379
1125,1,487
1126,1,444
1127,1,247
1128,1,261
1129,1,242
1130,1,0
1131,1,0
1132,1,350
1133,1,419
1134,1,0
1135,1,0
1136,1,572
1137,1,0
1138,1,0
1139,1,0
1140,1,545
1141,1,400
1142,1,0
1143,1,0
1144,1,0
1145,1,370
1146,1,0
1147,1,0
1148,1,0
1149,1,0
1150,1,166
1151,1,0
1152,1,0
1153,1,527
1154,1,507
1155,1,466
1156,1,0
1157,1,0
1158,1,0
1159,1,0
1160,1,487
1161,1,350
1162,1,458
1163,1,0
1164,1,297
1165,1,0
1166,1,0
1167,1,445
1168,1,0
1169,1,0
1170,1,414
1171,1,150
1172,1,0
1173,1,250
1174,1,0
1175,1,0
1176,1,0
1177,1,406
1178,1,0
1179,1,455
1180,1,241
1181,1,314
1182,1,0
1183,1,384
1184,1,256
1185,1,0
1186,1,521
1187,1,0
1188,1,0
1189,1,144
1190,1,0
1191,1,555
1192,1,0
1193,1,440
1194,1,0
1195,1,396
1196,1,0
1197,1,0
1198,1,217
1199,1,0
1200,1,393
1201,1,568
1202,1,0
1203,1,0
1204,1,0
1205,1,577
1206,1,529
1207,1,126
1208,1,226
1209,1,0
1210,1,0
1211,1,0
1212,1,0
1213,1,218
1214,1,0
1215,1,0
1216,1,322
1217,1,483
1218,1,0
1219,1,0
1220,1,0
1221,1,231
1222,1,140
1223,1,0
1224,1,0
1225,1,0
1226,1,261
1227,1,435
1228,1,531
1229,1,0
1230,1,175
1231,1,0
1232,1,0
1233,1,447
1234,1,0
1235,1,123
1236,1,481
1237,1,568
1238,1,353
1239,1,263
1240,1,366
1241,1,395
1242,1,143
1243,1,0
1244,1,350
1245,1,0
1246,1,0
1247,1,0
1248,1,0
1249,1,231
1250,1,522
1251,1,408
1252,1,147
1253,1,0
1254,1,0
1255,1,356
1256,1,527
1257,1,0
1258,1,0
1259,1,0
1260,1,347
1261,1,128
1262,1,0
1263,1,0
1264,1,246
1265,1,568
1266,1,575
1267,1,596
1268,1,526
1269,1,429
1270,1,259
1271,1,0
1272,1,0
1273,1,0
1274,1,471
1275,1,276
1276,1,143
1277,1,0
1278,1,258
1279,1,313
1280,1,0
1281,1,0
1282,1,209
1283,1,0
1284,1,0
1285,1,0
1286,1,210
1287,1,441
1288,1,433
1289,1,480
1290,1,496
1291,1,548
1292,1,0
1293,1,0
1294,1,415
1295,1,555
1296,1,365
1297,1,320
1298,1,0
1299,1,537
1300,1,0
1301,1,0
1302,1,0
1303,1,0
1304,1,0
1305,1,241
1306,1,314
1307,1,0
1308,1,151
1309,1,0
1310,1,217
1311,1,194
1312,1,127
1313,1,558
1314,1,358
1315,1,0
1316,1,0
1317,1,0
1318,1,0
1319,1,0
1320,1,0
1321,1,0
1322,1,531
1323,1,0
1324,1,341
1325,1,0
1326,1,0
1327,1,506
1328,1,542
1329,1,556
1330,1,569
1331,1,376
1332,1,0
1333,1,0
1334,1,436
1335,1,0
1336,1,245
1337,1,501
1338,1,0
1339,1,152
1340,1,0
1341,1,0
1342,1,0
1343,1,0
1344,1,513
1345,1,292
1346,1,600
1347,1,0
1348,1,144
1349,1,0
1350,1,510
1351,1,0
1352,1,267
1353,1,301
1354,1,0
1355,1,0
1356,1,312
1357,1,0
1358,1,504
1359,1,454
1360,1,380
1361,1,347
1362,1,0
1363,1,437
1364,1,0
1365,1,150
1366,1,151
1367,1,0
1368,1,573
1369,1,303
1370,1,0
1371,1,0
1372,1,0
1373,1,0
1374,1,0
1375,1,148
1376,1,0
1377,1,0
1378,1,293
1379,1,279
1380,1,0
1381,1,0
1382,1,327
1383,1,0
1384,1,193
1385,1,288
1386,1,0
1387,1,468
1388,1,131
1389,1,0
1390,1,0
1391,1,0
1392,1,0
1393,1,0
1394,1,346
1395,1,0
1396,1,0
1397,1,448
1398,1,434
1399,1,0
1400,1,160
1401,1,0
1402,1,0
1403,1,305
1404,1,0
1405,1,294
1406,1,310
1407,1,0
1408,1,0
1409,1,0
1410,1,577
1411,1,573
1412,1,180
1413,1,0
1414,1,0
1415,1,0
1416,1,0
1417,1,138
1418,1,407
1419,1,166
1420,1,419
1421,1,0
1422,1,464
1423,1,0
1424,1,477
1425,1,549
1426,1,477
1427,1,0
1428,1,0
1429,1,385
1430,1,0
1431,1,323
1432,1,545
1433,1,466
1434,1,454
1435,1,0
1436,1,0
1437,1,532
1438,1,183
1439,1,0
1440,1,0
1441,1,400
1442,1,0
1443,1,591
1444,1,0
1445,1,263
1446,1,0
1447,1,193
1448,1,0
1449,1,444
1450,1,534
1451,1,521
1452,1,240
1453,1,273
1454,1,161
1455,1,511
1456,1,161
1457,1,0
1458,1,0
1459,1,143
1460,1,411
1461,1,0
1462,1,0
1463,1,381
1464,1,0
1465,1,0
1466,1,0
1467,1,0
1468,1,379
1469,1,0
1470,1,0
1471,1,0
1472,1,245
1473,1,266
1474,1,253
1475,1,0
1476,1,259
1477,1,0
1478,1,187
1479,1,0
1480,1,0
1481,1,227
1482,1,256
1483,1,0
1484,1,0
1485,1,0
1486,1,507
1487,1,0
1488,1,213
1489,1,317
1490,1,0
1491,1,0
1492,1,0
1493,1,0
1494,1,113
1495,1,396
1496,1,0
1497,1,0
1498,1,357
1499,1,514
1500,1,203
1501,1,259
1502,1,241
1503,1,0
1504,1,235
1505,1,0
1506,1,373
1507,1,439
1508,1,0
1509,1,0
1510,1,0
1511,1,0
1512,1,474
1513,1,0
1514,1,286
1515,1,0
1516,1,327
1517,1,0
1518,1,121
1519,1,0
1520,1,0
1521,1,0
1522,1,523
1523,1,236
1524,1,127
1525,1,0
1526,1,527
1527,1,398
1528,1,0
1529,1,185
1530,1,0
1531,1,279
1532,1,0
1533,1,0
1534,1,595
1535,1,459
1536,1,590
1537,1,387
1538,1,0
1539,1,529
1540,1,585
1541,1,277
1542,1,0
1543,1,0
1544,1,114
1545,1,0
1546,1,332
1547,1,406
1548,1,280
1549,1,412
1550,1,540
1551,1,0
1552,1,563
1553,1,491
1554,1,225
1555,1,0
1556,1,403
1557,1,0
1558,1,343
1559,1,0
1560,1,0
1561,1,0
1562,1,0
1563,1,0
1564,1,185
1565,1,0
1566,1,220
1567,1,273
1568,1,0
1569,1,0
1570,1,227
1571,1,501
1572,1,210
1573,1,0
1574,1,0
1575,1,316
1576,1,490
1577,1,526
1578,1,436
1579,1,228
1580,1,0
1581,1,504
1582,1,427
1583,1,0
1584,1,0
1585,1,328
1586,1,0
1587,1,239
1588,1,137
1589,1,435
1590,1,427
1591,1,0
1592,1,0
1593,1,122
1594,1,148
1595,1,339
1596,1,454
1597,1,122
1598,1,527
1599,1,247
1600,1,0
1601,1,0
1602,1,490
1603,1,0
1604,1,394
1605,1,285
1606,1,0
1607,1,317
1608,1,0
1609,1,0
1610,1,0
1611,1,0
1612,1,494
1613,1,123
1614,1,0
1615,1,572
1616,1,333
1617,1,0
1618,1,0
1619,1,536
1620,1,312
1621,1,181
1622,1,387
1623,1,0
1624,1,491
1625,1,583
1626,1,218
1627,1,0
1628,1,450
1629,1,157
1630,1,130
1631,1,295
1632,1,347
1633,1,0
1634,1,386
1635,1,231
1636,1,318
1637,1,572
1638,1,0
1639,1,0
1640,1,312
1641,1,0
1642,1,486
1643,1,243
1644,1,0
1645,1,165
1646,1,192
1647,1,0
1648,1,328
1649,1,0
1650,1,0
1651,1,579
1652,1,307
1653,1,0
1654,1,314
1655,1,596
1656,1,0
1657,1,0
1658,1,244
1659,1,0
1660,1,0
1661,1,0
1662,1,354
1663,1,0
1664,1,413
1665,1,293
1666,1,305
1667,1,0
1668,1,362
1669,1,404
1670,1,0
1671,1,410
1672,1,267
1673,1,0
1674,1,591
1675,1,0
1676,1,598
1677,1,0
1678,1,0
1679,1,359
1680,1,0
1681,1,591
1682,1,586
1683,1,152
1684,1,583
1685,1,190
1686,1,314
1687,1,393
1688,1,240
1689,1,487
1690,1,190
1691,1,0
1692,1,369
1693,1,0
1694,1,0
1695,1,0
1696,1,173
1697,1,0
1698,1,0
1699,1,0
1700,1,501
1701,1,0
1702,1,0
1703,1,0
1704,1,0
1705,1,190
1706,1,348
1707,1,0
1708,1,0
1709,1,0
1710,1,558
1711,1,0
1712,1,0
1713,1,137
1714,1,121
1715,1,241
1716,1,520
1717,1,0
1718,1,364
1719,1,0
1720,1,0
1721,1,574
1722,1,0
1723,1,249
1724,1,0
1725,1,182
1726,1,509
1727,1,265
1728,1,0
1729,1,161
1730,1,0
1731,1,469
1732,1,0
1733,1,126
1734,1,508
1735,1,551
1736,1,539
1737,1,0
1738,1,0
1739,1,265
1740,1,0
1741,1,290
1742,1,0
1743,1,0
1744,1,295
1745,1,438
1746,1,0
1747,1,441
1748,1,0
1749,1,0
1750,1,0
1751,1,203
1752,1,446
1753,1,168
1754,1,432
1755,1,187
1756,1,0
1757,1,0
1758,1,0
1759,1,0
1760,1,0
1761,1,565
1762,1,477
1763,1,0
1764,1,0
1765,1,228
1766,1,510
1767,1,523
1768,1,0
1769,1,0
1770,1,458
1771,1,0
1772,1,0
1773,1,0
1774,1,590
1775,1,0
1776,1,0
1777,1,0
1778,1,0
1779,1,347
1780,1,0
1781,1,532
1782,1,480
1783,1,0
1784,1,148
1785,1,208
1786,1,555
1787,1,299
1788,1,0
1789,1,0
1790,1,0
1791,1,0
1792,1,474
1793,1,0
1794,1,0
1795,1,0
1796,1,0
1797,1,412
1798,1,0
1799,1,533
1800,1,0
1801,1,0
1802,1,591
1803,1,0
1804,1,506
1805,1,482
1806,1,524
1807,1,130
1808,1,316
1809,1,0
1810,1,0
1811,1,0
1812,1,0
1813,1,154
1814,1,359
1815,1,544
1816,1,233
1817,1,191
1818,1,0
1819,1,144
1820,1,522
1821,1,0
1822,1,0
1823,1,0
1824,1,299
1825,1,493
1826,1,130
1827,1,0
1828,1,363
1829,1,557
1830,1,0
1831,1,0
1832,1,0
1833,1,0
1834,1,0
1835,1,0
1836,1,379
1837,1,478
1838,1,0
1839,1,0
1840,1,515
1841,1,0
1842,1,0
1843,1,357
1844,1,0
1845,1,382
1846,1,516
1847,1,0
1848,1,0
1849,1,381
1850,1,451
1851,1,0
1852,1,0
1853,1,489
1854,1,0
1855,1,0
1856,1,491
1857,1,579
1858,1,371
1859,1,0
1860,1,0
1861,1,310
1862,1,422
1863,1,375
1864,1,0
1865,1,0
1866,1,0
1867,1,0
1868,1,347
1869,1,0
1870,1,0
1871,1,0
1872,1,459
1873,1,0
1874,1,0
1875,1,0
1876,1,128
1877,1,414
1878,1,468
1879,1,373
1880,1,0
1881,1,0
1882,1,567
1883,1,550
1884,1,0
1885,1,544
1886,1,570
1887,1,0
1888,1,287
1889,1,362
1890,1,0
1891,1,0
1892,1,327
1893,1,0
1894,1,538
1895,1,191
1896,1,0
1897,1,0
1898,1,0
1899,1,436
1900,1,177
1901,1,353
1902,1,180
1903,1,567
1904,1,0
1905,1,447
1906,1,0
1907,1,206
1908,1,0
1909,1,143
1910,1,0
1911,1,388
1912,1,257
1913,1,0
1914,1,0
1915,1,271
1916,1,262
1917,1,460
1918,1,0
1919,1,0
1920,1,208
1921,1,587
1922,1,286
1923,1,0
1924,1,0
1925,1,167
1926,1,158
1927,1,259
1928,1,514
1929,1,577
1930,1,0
1931,1,0
1932,1,0
1933,1,225
1934,1,0
1935,1,492
1936,1,0
1937,1,270
1938,1,0
1939,1,429
1940,1,0
1941,1,0
1942,1,196
1943,1,0
1944,1,481
1945,1,0
1946,1,133
1947,1,165
1948,1,554
1949,1,0
1950,1,0
1951,1,150
1952,1,0
1953,1,113
1954,1,0
1955,1,0
1956,1,243
1957,1,232
1958,1,0
1959,1,0
1960,1,0
1961,1,0
1962,1,0
1963,1,0
1964,1,0
1965,1,0
1966,1,0
1967,1,0
1968,1,0
1969,1,0
1970,1,546
1971,1,0
1972,1,342
1973,1,0
1974,1,443
1975,1,162
1976,1,570
1977,1,190
1978,1,504
1979,1,0
1980,1,0
1981,1,0
1982,1,0
1983,1,293
1984,1,520
1985,1,0
1986,1,552
1987,1,438
1988,1,289
1989,1,0
1990,1,413
1991,1,186
1992,1,230
1993,1,0
1994,1,134
1995,1,0
1996,1,0
1997,1,216
1998,1,0
1999,1,490
2000,1,0
2001,1,0
2002,1,209
2003,1,357
2004,1,0
2005,1,0
2006,1,0
2007,1,234
2008,1,185
2009,1,0
2010,1,484
2011,1,0
2012,1,0
2013,1,252
2014,1,367
2015,1,0
2016,1,320
2017,1,0
2018,1,0
2019,1,0
2020,1,383
2021,1,0
2022,1,0
2023,1,264
2024,1,0
2025,1,0
2026,1,576
2027,1,358
2028,1,119
2029,1,0
2030,1,0
2031,1,429
2032,1,426
2033,1,404
2034,1,0
2035,1,570
2036,1,0
2037,1,0
2038,1,0
2039,1,0
2040,1,0
2041,1,390
2042,1,0
2043,1,431
2044,1,0
2045,1,0
2046,1,0
2047,1,228
2048,1,0
2049,1,599
2050,1,520
2051,1,471
2052,1,0
2053,1,155
2054,1,0
2055,1,0
2056,1,0
2057,1,0
2058,1,0
2059,1,483
2060,1,0
2061,1,0
2062,1,0
2063,1,400
2064,1,306
2065,1,0
2066,1,309
2067,1,0
2068,1,528
2069,1,375
2070,1,291
2071,1,458
2072,1,347
2073,1,268
2074,1,578
2075,1,0
2076,1,0
2077,1,0
2078,1,0
2079,1,440
2080,1,133
2081,1,396
2082,1,0
2083,1,329
2084,1,199
2085,1,0
2086,1,207
2087,1,524
2088,1,0
2089,1,439
2090,1,0
2091,1,0
2092,1,0
2093,1,0
2094,1,0
2095,1,0
2096,1,0
2097,1,418
2098,1,497
2099,1,147
2100,1,0
2101,1,0
2102,1,413
2103,1,475
2104,1,0
2105,1,0
2106,1,0
2107,1,0
2108,1,0
2109,1,0
2110,1,0
2111,1,479
2112,1,120
2113,1,110
2114,1,432
2115,1,0
2116,1,391
2117,1,330
2118,1,0
2119,1,0
2120,1,0
2121,1,214
2122,1,0
2123,1,406
2124,1,198
2125,1,0
2126,1,0
2127,1,0
2128,1,273
2129,1,0
2130,1,391
2131,1,244
2132,1,300
2133,1,478
2134,1,396
2135,1,291
2136,1,540
2137,1,0
2138,1,0
2139,1,0
2140,1,0
2141,1,0
2142,1,0
2143,1,524
2144,1,519
2145,1,227
2146,1,0
2147,1,193
2148,1,439
2149,1,246
2150,1,459
2151,1,167
2152,1,0
2153,1,0
2154,1,0
2155,1,0
2156,1,0
2157,1,448
2158,1,0
2159,1,0
2160,1,0
2161,1,0
2162,1,116
2163,1,451
2164,1,543
2165,1,350
2166,1,0
2167,1,0
2168,1,0
2169,1,0
2170,1,313
2171,1,0
2172,1,341
2173,1,0
2174,1,0
2175,1,282
2176,1,515
2177,1,204
2178,1,523
2179,1,573
2180,1,0
2181,1,0
2182,1,343
2183,1,0
2184,1,292
2185,1,271
2186,1,512
2187,1,0
2188,1,538
2189,1,451
2190,1,458
2191,1,0
2192,1,563
2193,1,0
2194,1,0
2195,1,0
2196,1,0
2197,1,315
2198,1,0
2199,1,579
2200,1,237
2201,1,554
2202,1,0
2203,1,288
2204,1,160
2205,1,340
2206,1,483
2207,1,455
2208,1,294
2209,1,0
2210,1,343
2211,1,0
2212,1,330
2213,1,330
2214,1,593
2215,1,0
2216,1,0
2217,1,0
2218,1,0
2219,1,145
2220,1,341
2221,1,0
2222,1,440
2223,1,0
2224,1,0
2225,1,0
2226,1,207
2227,1,406
2228,1,482
2229,1,0
2230,1,554
2231,1,0
2232,1,0
2233,1,0
2234,1,130
2235,1,437
2236,1,0
2237,1,286
2238,1,0
2239,1,116
2240,1,0
2241,1,0
2242,1,0
2243,1,291
2244,1,308
2245,1,199
2246,1,0
2247,1,0
2248,1,342
2249,1,0
2250,1,0
2251,1,334
2252,1,0
2253,1,130
2254,1,125
2255,1,0
2256,1,0
2257,1,0
2258,1,357
2259,1,450
2260,1,0
2261,1,0
2262,1,0
2263,1,0
2264,1,475
2265,1,548
2266,1,210
2267,1,443
2268,1,299
2269,1,0
2270,1,0
2271,1,0
2272,1,460
2273,1,500
2274,1,342
2275,1,207
2276,1,0
2277,1,431
2278,1,0
2279,1,0
2280,1,300
2281,1,134
2282,1,545
2283,1,580
2284,1,0
2285,1,195
2286,1,470
2287,1,379
2288,1,329
2289,1,0
2290,1,0
2291,1,373
2292,1,0
2293,1,307
2294,1,0
2295,1,0
2296,1,125
2297,1,219
2298,1,0
2299,1,119
2300,1,0
2301,1,0
2302,1,0
2303,1,0
2304,1,0
2305,1,0
2306,1,0
2307,1,412
2308,1,0
2309,1,0
2310,1,550
2311,1,220
2312,1,0
2313,1,0
2314,1,0
2315,1,0
2316,1,204
2317,1,0
2318,1,0
2319,1,505
2320,1,255
2321,1,0
2322,1,349
2323,1,423
2324,1,393
2325,1,598
2326,1,0
2327,1,0
2328,1,0
2329,1,0
2330,1,0
2331,1,587
2332,1,0
2333,1,0
2334,1,0
2335,1,0
2336,1,0
2337,1,346
2338,1,198
2339,1,0
2340,1,0
2341,1,0
2342,1,0
2343,1,0
2344,1,139
2345,1,0
2346,1,0
2347,1,119
2348,1,474
2349,1,0
2350,1,417
2351,1,0
2352,1,0
2353,1,510
2354,1,293
2355,1,388
2356,1,0
2357,1,305
2358,1,132
2359,1,0
2360,1,368
2361,1,0
2362,1,0
2363,1,0
2364,1,452
2365,1,189
2366,1,0
2367,1,0
2368,1,273
2369,1,0
2370,1,344
2371,1,0
2372,1,0
2373,1,246
2374,1,187
2375,1,0
2376,1,0
2377,1,200
2378,1,546
2379,1,438
2380,1,0
2381,1,171
2382,1,168
2383,1,0
2384,1,0
2385,1,136
2386,1,0
2387,1,0
2388,1,0
2389,1,288
2390,1,0
2391,1,0
2392,1,0
2393,1,372
2394,1,135
2395,1,0
2396,1,0
2397,1,161
2398,1,0
2399,1,525
2400,1,0
2401,1,0
2402,1,282
2403,1,449
2404,1,445
2405,1,0
2406,1,442
2407,1,0
2408,1,245
2409,1,0
2410,1,0
2411,1,408
2412,1,0
2413,1,0
2414,1,539
2415,1,187
2416,1,377
2417,1,589
2418,1,281
2419,1,553
2420,1,191
2421,1,404
2422,1,0
2423,1,576
2424,1,0
2425,1,376
2426,1,0
2427,1,0
2428,1,0
2429,1,438
2430,1,571
2431,1,261
2432,1,154
2433,1,482
2434,1,0
2435,1,514
2436,1,0
2437,1,0
2438,1,404
2439,1,0
2440,1,0
2441,1,0
2442,1,0
2443,1,0
2444,1,286
2445,1,0
2446,1,0
2447,1,570
2448,1,0
2449,1,440
2450,1,121
2451,1,0
2452,1,0
2453,1,0
2454,1,372
2455,1,0
2456,1,165
2457,1,523
2458,1,0
2459,1,0
2460,1,0
2461,1,262
2462,1,334
2463,1,0
2464,1,419
2465,1,433
2466,1,0
2467,1,0
2468,1,431
2469,1,180
2470,1,0
2471,1,166
2472,1,0
2473,1,0
2474,1,600
2475,1,461
2476,1,245
2477,1,529
2478,1,0
2479,1,304
2480,1,414
2481,1,0
2482,1,137
2483,1,376
2484,1,0
2485,1,0
2486,1,373
2487,1,196
2488,1,263
2489,1,0
2490,1,0
2491,1,283
2492,1,256
2493,1,0
2494,1,0
2495,1,114
2496,1,0
2497,1,0
2498,1,0
2499,1,274
2500,1,0
2501,1,0
2502,1,448
2503,1,289
2504,1,0
2505,1,0
2506,1,556
2507,1,0
2508,1,0
2509,1,423
2510,1,269
2511,1,228
2512,1,253
2513,1,0
2514,1,0
2515,1,0
2516,1,298
2517,1,0
2518,1,0
2519,1,0
2520,1,0
2521,1,273
2522,1,263
2523,1,454
2524,1,0
2525,1,0
2526,1,0
2527,1,0
2528,1,0
2529,1,361
2530,1,373
2531,1,0
2532,1,415
2533,1,0
2534,1,0
2535,1,133
2536,1,0
2537,1,0
2538,1,0
2539,1,0
2540,1,464
2541,1,0
2542,1,173
2543,1,195
2544,1,548
2545,1,0
2546,1,0
2547,1,0
2548,1,0
2549,1,0
2550,1,189
2551,1,520
2552,1,0
2553,1,473
2554,1,0
2555,1,0
2556,1,0
2557,1,0
2558,1,0
2559,1,437
2560,1,545
2561,1,0
2562,1,396
2563,1,0
2564,1,0
2565,1,0
2566,1,121
2567,1,522
2568,1,0
2569,1,164
2570,1,207
2571,1,539
2572,1,0
2573,1,0
2574,1,350
2575,1,0
2576,1,573
2577,1,0
2578,1,0
2579,1,364
2580,1,476
2581,1,117
2582,1,510
2583,1,206
2584,1,434
2585,1,436
2586,1,0
2587,1,565
2588,1,0
2589,1,558
2590,1,147
2591,1,435
2592,1,0
2593,1,0
2594,1,140
2595,1,0
2596,1,0
2597,1,139
2598,1,0
2599,1,321
2600,1,473
2601,1,0
2602,1,546
2603,1,0
2604,1,469
2605,1,200
2606,1,428
2607,1,0
2608,1,271
2609,1,0
2610,1,0
2611,1,0
2612,1,381
2613,1,205
2614,1,0
2615,1,318
2616,1,0
2617,1,0
2618,1,283
2619,1,0
2620,1,128
2621,1,317
2622,1,0
2623,1,0
2624,1,317
2625,1,0
2626,1,348
2627,1,453
2628,1,276
2629,1,0
2630,1,0
2631,1,0
2632,1,592
2633,1,539
2634,1,0
2635,1,0
2636,1,433
2637,1,0
2638,1,152
2639,1,0
2640,1,0
2641,1,442
2642,1,0
2643,1,173
2644,1,547
2645,1,563
2646,1,332
2647,1,0
2648,1,0
2649,1,595
2650,1,0
2651,1,0
2652,1,522
2653,1,0
2654,1,0
2655,1,264
2656,1,0
2657,1,0
2658,1,458
2659,1,488
2660,1,173
2661,1,0
2662,1,174
2663,1,473
2664,1,0
2665,1,0
2666,1,128
2667,1,385
2668,1,358
2669,1,0
2670,1,0
2671,1,562
2672,1,317
2673,1,481
2674,1,0
2675,1,0
2676,1,0
2677,1,0
2678,1,267
2679,1,424
2680,1,0
2681,1,541
2682,1,0
2683,1,490
2684,1,411
2685,1,164
2686,1,490
2687,1,228
2688,1,529
2689,1,0
2690,1,126
2691,1,0
2692,1,0
2693,1,368
2694,1,0
2695,1,0
2696,1,0
2697,1,0
2698,1,133
2699,1,0
2700,1,588
2701,1,220
2702,1,287
2703,1,551
2704,1,429
2705,1,547
2706,1,0
2707,1,275
2708,1,335
2709,1,0
2710,1,547
2711,1,255
2712,1,354
2713,1,398
2714,1,0
2715,1,388
2716,1,0
2717,1,0
2718,1,282
2719,1,0
2720,1,0
2721,1,402
2722,1,395
2723,1,165
2724,1,0
2725,1,122
2726,1,379
2727,1,474
2728,1,0
2729,1,362
2730,1,190
2731,1,286
2732,1,0
2733,1,0
2734,1,564
2735,1,509
2736,1,0
2737,1,311
2738,1,0
2739,1,343
2740,1,0
2741,1,125
2742,1,475
2743,1,0
2744,1,0
2745,1,110
2746,1,0
2747,1,0
2748,1,0
2749,1,241
2750,1,0
2751,1,573
2752,1,0
2753,1,0
2754,1,202
2755,1,0
2756,1,0
2757,1,542
2758,1,0
2759,1,185
2760,1,0
2761,1,0
2762,1,232
2763,1,0
2764,1,0
2765,1,0
2766,1,402
2767,1,514
2768,1,241
2769,1,322
2770,1,0
2771,1,121
2772,1,358
2773,1,0
2774,1,277
2775,1,411
2776,1,260
2777,1,166
2778,1,177
2779,1,587
2780,1,0
2781,1,0
2782,1,435
2783,1,0
2784,1,296
2785,1,0
2786,1,0
2787,1,204
2788,1,0
2789,1,0
2790,1,244
2791,1,0
2792,1,0
2793,1,0
2794,1,555
2795,1,0
2796,1,273
2797,1,0
2798,1,0
2799,1,0
2800,1,571
2801,1,593
2802,1,430
2803,1,0
2804,1,272
2805,1,395
2806,1,0
2807,1,367
2808,1,0
2809,1,497
2810,1,562
2811,1,0
2812,1,0
2813,1,296
2814,1,0
2815,1,0
2816,1,169
2817,1,312
2818,1,267
2819,1,0
2820,1,0
2821,1,113
2822,1,0
2823,1,0
2824,1,197
2825,1,0
2826,1,0
2827,1,124
2828,1,339
2829,1,469
2830,1,0
2831,1,0
2832,1,493
2833,1,0
2834,1,193
2835,1,0
2836,1,0
2837,1,0
2838,1,0
2839,1,0
2840,1,371
2841,1,0
2842,1,0
2843,1,489
2844,1,257
2845,1,287
2846,1,0
2847,1,0
2848,1,0
2849,1,191
2850,1,528
2851,1,0
2852,1,0
2853,1,0
2854,1,149
2855,1,354
2856,1,0
2857,1,219
2858,1,0
2859,1,351
2860,1,551
2861,1,579
2862,1,209
2863,1,0
2864,1,0
2865,1,0
2866,1,0
2867,1,235
2868,1,0
2869,1,0
2870,1,163
2871,1,0
2872,1,0
2873,1,588
2874,1,0
2875,1,0
2876,1,0
2877,1,394
2878,1,0
2879,1,537
2880,1,301
2881,1,461
2882,1,416
2883,1,0
2884,1,312
2885,1,0
2886,1,0
2887,1,0
2888,1,0
2889,1,463
2890,1,588
2891,1,375
2892,1,0
2893,1,165
2894,1,0
2895,1,388
2896,1,240
2897,1,462
2898,1,566
2899,1,0
2900,1,524
2901,1,0
2902,1,0
2903,1,513
2904,1,0
2905,1,267
2906,1,0
2907,1,0
2908,1,0
2909,1,342
2910,1,0
2911,1,0
2912,1,0
2913,1,441
2914,1,229
2915,1,566
2916,1,337
2917,1,534
2918,1,212
2919,1,0
2920,1,0
2921,1,0
2922,1,0
2923,1,545
2924,1,594
2925,1,0
2926,1,0
2927,1,365
2928,1,477
2929,1,463
2930,1,0
2931,1,0
2932,1,0
2933,1,0
2934,1,457
2935,1,0
2936,1,564
2937,1,0
2938,1,0
2939,1,0
2940,1,274
2941,1,309
2942,1,579
2943,1,297
2944,1,471
2945,1,0
2946,1,0
2947,1,394
2948,1,0
2949,1,196
2950,1,213
2951,1,160
2952,1,464
2953,1,322
2954,1,0
2955,1,531
2956,1,252
2957,1,511
2958,1,199
2959,1,0
2960,1,0
2961,1,193
2962,1,426
2963,1,351
2964,1,0
2965,1,0
2966,1,237
2967,1,0
2968,1,0
2969,1,522
2970,1,0
2971,1,212
2972,1,0
2973,1,0
2974,1,394
2975,1,336
2976,1,0
2977,1,0
2978,1,0
2979,1,0
2980,1,0
2981,1,0
2982,1,0
2983,1,331
2984,1,0
2985,1,453
2986,1,0
2987,1,0
2988,1,0
2989,1,0
2990,1,405
2991,1,333
2992,1,293
2993,1,0
2994,1,0
2995,1,526
2996,1,233
2997,1,178
2998,1,0
2999,1,0
3000,1,547
3001,1,193
3002,1,0
3003,1,183
3004,1,208
3005,1,0
3006,1,161
3007,1,274
3008,1,0
3009,1,0
3010,1,0
3011,1,0
3012,1,430
3013,1,0
3014,1,0
3015,1,400
3016,1,401
3017,1,0
3018,1,133
3019,1,0
3020,1,457
3021,1,297
3022,1,247
3023,1,0
3024,1,0
3025,1,240
3026,1,0
3027,1,0
3028,1,0
3029,1,572
3030,1,0
3031,1,382
3032,1,0
3033,1,474
3034,1,0
3035,1,300
3036,1,490
3037,1,562
3038,1,0
3039,1,0
3040,1,0
3041,1,0
3042,1,331
3043,1,0
3044,1,577
3045,1,0
3046,1,279
3047,1,490
3048,1,0
3049,1,456
3050,1,226
3051,1,561
3052,1,379
3053,1,565
3054,1,0
3055,1,344
3056,1,0
3057,1,0
3058,1,115
3059,1,492
3060,1,598
3061,1,0
3062,1,0
3063,1,458
3064,1,193
3065,1,307
3066,1,0
3067,1,384
3068,1,0
3069,1,0
3070,1,0
3071,1,0
3072,1,0
3073,1,0
3074,1,139
3075,1,288
3076,1,439
3077,1,0
3078,1,0
3079,1,0
3080,1,0
3081,1,0
3082,1,0
3083,1,327
3084,1,213
3085,1,0
3086,1,0
3087,1,392
3088,1,0
3089,1,0
3090,1,0
3091,1,115
3092,1,519
3093,1,0
3094,1,323
3095,1,322
3096,1,0
3097,1,0
3098,1,165
3099,1,0
3100,1,0
3101,1,378
3102,1,178
3103,1,0
3104,1,206
3105,1,170
3106,1,0
3107,1,0
3108,1,597
3109,1,0
3110,1,0
3111,1,0
3112,1,237
3113,1,0
3114,1,0
3115,1,0
3116,1,0
3117,1,0
3118,1,170
3119,1,0
3120,1,352
3121,1,597
3122,1,0
3123,1,0
3124,1,0
3125,1,423
3126,1,411
3127,1,358
3128,1,0
3129,1,0
3130,1,0
3131,1,358
3132,1,310
3133,1,278
3134,1,0
3135,1,0
3136,1,0
3137,1,549
3138,1,483
3139,1,0
3140,1,475
3141,1,0
3142,1,252
3143,1,548
3144,1,386
3145,1,0
3146,1,275
3147,1,175
3148,1,0
3149,1,0
3150,1,473
3151,1,0
3152,1,526
3153,1,185
3154,1,143
3155,1,0
3156,1,0
3157,1,0
3158,1,0
3159,1,440
3160,1,0
3161,1,0
3162,1,0
3163,1,117
3164,1,0
3165,1,218
3166,1,282
3167,1,278
3168,1,466
3169,1,0
3170,1,517
3171,1,388
3172,1,0
3173,1,0
3174,1,0
3175,1,525
3176,1,0
3177,1,0
3178,1,527
3179,1,0
3180,1,462
3181,1,339
3182,1,0
3183,1,0
3184,1,0
3185,1,385
3186,1,487
3187,1,0
3188,1,371
3189,1,0
3190,1,0
3191,1,186
3192,1,0
3193,1,515
3194,1,354
3195,1,0
3196,1,0
3197,1,237
3198,1,0
3199,1,0
3200,1,0
3201,1,115
3202,1,177
3203,1,298
3204,1,579
3205,1,192
3206,1,189
3207,1,355
3208,1,0
3209,1,0
3210,1,399
3211,1,162
3212,1,507
3213,1,0
3214,1,0
3215,1,0
3216,1,0
3217,1,466
3218,1,281
3219,1,212
3220,1,0
3221,1,0
3222,1,0
3223,1,0
3224,1,0
3225,1,0
3226,1,0
3227,1,0
3228,1,292
3229,1,511
3230,1,0
3231,1,427
3232,1,367
3233,1,0
3234,1,0
3235,1,0
3236,1,0
3237,1,516
3238,1,207
3239,1,245
3240,1,413
3241,1,0
3242,1,0
3243,1,0
3244,1,396
3245,1,299
3246,1,355
3247,1,345
3248,1,210
3249,1,0
3250,1,0
3251,1,0
3252,1,0
3253,1,210
3254,1,401
3255,1,0
3256,1,450
3257,1,516
3258,1,355
3259,1,342
3260,1,0
3261,1,162
3262,1,0
3263,1,349
3264,1,548
3265,1,560
3266,1,504
3267,1,0
3268,1,504
3269,1,479
3270,1,560
3271,1,0
3272,1,0
3273,1,0
3274,1,0
3275,1,0
3276,1,277
3277,1,0
3278,1,591
3279,1,0
3280,1,269
3281,1,0
3282,1,0
3283,1,0
3284,1,0
3285,1,405
3286,1,337
3287,1,0
3288,1,540
3289,1,0
3290,1,521
3291,1,329
3292,1,0
3293,1,224
3294,1,210
3295,1,0
3296,1,257
3297,1,172
3298,1,0
3299,1,0
3300,1,504
3301,1,0
3302,1,0
3303,1,0
3304,1,433
3305,1,258
3306,1,0
3307,1,168
3308,1,163
3309,1,0
3310,1,459
3311,1,0
3312,1,0
3313,1,565
3314,1,531
3315,1,577
3316,1,351
3317,1,474
3318,1,592
3319,1,0
3320,1,199
3321,1,205
3322,1,0
3323,1,482
3324,1,0
3325,1,0
3326,1,0
3327,1,452
3328,1,125
3329,1,0
3330,1,0
3331,1,268
3332,1,399
3333,1,0
3334,1,0
3335,1,0
3336,1,0
3337,1,0
3338,1,149
3339,1,234
3340,1,0
3341,1,515
3342,1,0
3343,1,333
3344,1,0
3345,1,0
3346,1,0
3347,1,143
3348,1,0
3349,1,547
3350,1,185
3351,1,0
3352,1,159
3353,1,0
3354,1,333
3355,1,162
3356,1,449
3357,1,0
3358,1,0
3359,1,118
3360,1,0
3361,1,241
3362,1,174
3363,1,0
3364,1,514
3365,1,484
3366,1,0
3367,1,307
3368,1,402
3369,1,480
3370,1,0
3371,1,0
3372,1,326
3373,1,0
3374,1,0
3375,1,530
3376,1,0
3377,1,0
3378,1,0
3379,1,285
3380,1,138
3381,1,491
3382,1,359
3383,1,425
3384,1,143
3385,1,194
3386,1,0
3387,1,563
3388,1,0
3389,1,0
3390,1,0
3391,1,225
3392,1,0
3393,1,336
3394,1,274
3395,1,547
3396,1,0
3397,1,461
3398,1,0
3399,1,0
3400,1,583
3401,1,0
3402,1,558
3403,1,392
3404,1,214
3405,1,409
3406,1,0
3407,1,0
3408,1,240
3409,1,0
3410,1,0
3411,1,393
3412,1,414
3413,1,287
3414,1,111
3415,1,0
3416,1,0
3417,1,148
3418,1,494
3419,1,0
3420,1,350
3421,1,243
3422,1,592
3423,1,0
3424,1,305
3425,1,0
3426,1,547
3427,1,584
3428,1,444
3429,1,574
3430,1,442
3431,1,449
3432,1,0
3433,1,0
3434,1,0
3435,1,0
3436,1,255
3437,1,359
3438,1,472
3439,1,0
3440,1,113
3441,1,0
3442,1,0
3443,1,453
3444,1,0
3445,1,328
3446,1,0
3447,1,0
3448,1,455
3449,1,328
3450,1,0
3451,1,0
3452,1,0
3453,1,256
3454,1,0
3455,1,0
3456,1,429
3457,1,0
3458,1,0
3459,1,0
3460,1,0
3461,1,0
3462,1,0
3463,1,0
3464,1,472
3465,1,478
3466,1,294
3467,1,290
3468,1,0
3469,1,394
3470,1,0
3471,1,0
3472,1,0
3473,1,201
3474,1,407
3475,1,315
3476,1,0
3477,1,254
3478,1,151
3479,1,113
3480,1,0
3481,1,287
3482,1,0
3483,1,521
3484,1,0
3485,1,0
3486,1,176
3487,1,0
3488,1,243
3489,1,0
3490,1,0
3491,1,581
3492,1,0
3493,1,401
3494,1,0
3495,1,0
3496,1,0
3497,1,157
3498,1,0
3499,1,0
3500,1,593
3501,1,0
3502,1,298
3503,1,0
3504,1,413
3505,1,447
3506,1,393
3507,1,370
3508,1,303
3509,1,162
3510,1,535
3511,1,0
3512,1,133
3513,1,202
3514,1,0
3515,1,190
3516,1,157
3517,1,0
3518,1,0
3519,1,0
3520,1,212
3521,1,0
3522,1,0
3523,1,161
3524,1,0
3525,1,565
3526,1,387
3527,1,282
3528,1,530
3529,1,356
3530,1,393
3531,1,150
3532,1,0
3533,1,0
3534,1,559
3535,1,0
3536,1,516
3537,1,412
3538,1,0
3539,1,576
3540,1,0
3541,1,0
3542,1,0
3543,1,349
3544,1,0
3545,1,527
3546,1,551
3547,1,0
3548,1,354
3549,1,557
3550,1,0
3551,1,0
3552,1,0
3553,1,0
3554,1,0
3555,1,398
3556,1,0
3557,1,171
3558,1,0
3559,1,0
3560,1,228
3561,1,0
3562,1,0
3563,1,0
3564,1,208
3565,1,0
3566,1,0
3567,1,468
3568,1,0
3569,1,0
3570,1,467
3571,1,0
3572,1,216
3573,1,179
3574,1,440
3575,1,0
3576,1,0
3577,1,0
3578,1,212
3579,1,0
3580,1,191
3581,1,568
3582,1,0
3583,1,0
3584,1,227
3585,1,0
3586,1,455
3587,1,0
3588,1,0
3589,1,0
3590,1,0
3591,1,267
3592,1,461
3593,1,0
3594,1,582
3595,1,0
3596,1,374
3597,1,0
3598,1,0
3599,1,0
3600,1,341
3601,1,268
3602,1,496
3603,1,522
3604,1,457
3605,1,0
3606,1,129
3607,1,505
3608,1,0
3609,1,591
3610,1,0
3611,1,0
3612,1,210
3613,1,0
3614,1,159
3615,1,243
3616,1,234
3617,1,0
3618,1,537
3619,1,0
3620,1,179
3621,1,190
3622,1,264
3623,1,0
3624,1,0
3625,1,0
3626,1,0
3627,1,140
3628,1,142
3629,1,343
3630,1,0
3631,1,0
3632,1,587
3633,1,179
3634,1,496
3635,1,296
3636,1,0
3637,1,167
3638,1,533
3639,1,0
3640,1,0
3641,1,0
3642,1,0
3643,1,0
3644,1,124
3645,1,0
3646,1,283
3647,1,383
3648,1,204
3649,1,0
3650,1,478
3651,1,0
3652,1,243
3653,1,0
3654,1,0
3655,1,465
3656,1,429
3657,1,0
3658,1,0
3659,1,314
3660,1,0
3661,1,531
3662,1,273
3663,1,0
3664,1,471
3665,1,576
3666,1,249
3667,1,487
3668,1,0
3669,1,0
3670,1,0
3671,1,0
3672,1,592
3673,1,545
3674,1,485
3675,1,0
3676,1,0
3677,1,321
3678,1,0
3679,1,0
3680,1,576
3681,1,521
3682,1,0
3683,1,205
3684,1,0
3685,1,0
3686,1,178
3687,1,0
3688,1,449
3689,1,321
3690,1,441
3691,1,0
3692,1,0
3693,1,0
3694,1,0
3695,1,0
3696,1,422
3697,1,0
3698,1,359
3699,1,530
3700,1,409
3701,1,189
3702,1,0
3703,1,0
3704,1,373
3705,1,0
3706,1,0
3707,1,0
3708,1,0
3709,1,556
3710,1,0
3711,1,183
3712,1,0
3713,1,215
3714,1,200
3715,1,0
3716,1,0
3717,1,505
3718,1,275
3719,1,557
3720,1,128
3721,1,188
3722,1,0
3723,1,0
3724,1,0
3725,1,0
3726,1,0
3727,1,469
3728,1,553
3729,1,0
3730,1,0
3731,1,131
3732,1,0
3733,1,0
3734,1,371
3735,1,0
3736,1,501
3737,1,0
3738,1,188
3739,1,0
3740,1,149
3741,1,0
3742,1,0
3743,1,462
3744,1,0
3745,1,326
3746,1,0
3747,1,321
3748,1,471
3749,1,0
3750,1,325
3751,1,460
3752,1,0
3753,1,0
3754,1,468
3755,1,0
3756,1,408
3757,1,534
3758,1,432
3759,1,520
3760,1,561
3761,1,541
3762,1,0
3763,1,0
3764,1,237
3765,1,0
3766,1,0
3767,1,432
3768,1,0
3769,1,226
3770,1,0
3771,1,374
3772,1,0
3773,1,312
3774,1,0
3775,1,312
3776,1,530
3777,1,0
3778,1,428
3779,1,595
3780,1,250
3781,1,0
3782,1,0
3783,1,0
3784,1,0
3785,1,495
3786,1,0
3787,1,388
3788,1,0
3789,1,0
3790,1,0
3791,1,0
3792,1,256
3793,1,453
3794,1,275
3795,1,502
3796,1,0
3797,1,0
3798,1,528
3799,1,394
3800,1,0
3801,1,433
3802,1,271
3803,1,512
3804,1,281
3805,1,118
3806,1,279
3807,1,126
3808,1,323
3809,1,330
3810,1,303
3811,1,0
3812,1,0
3813,1,590
3814,1,154
3815,1,0
3816,1,338
3817,1,450
3818,1,0
3819,1,0
3820,1,0
3821,1,513
3822,1,282
3823,1,0
3824,1,0
3825,1,0
3826,1,0
3827,1,124
3828,1,185
3829,1,495
3830,1,439
3831,1,0
3832,1,286
3833,1,378
3834,1,118
3835,1,0
3836,1,0
3837,1,476
3838,1,363
3839,1,485
3840,1,0
3841,1,147
3842,1,0
3843,1,172
3844,1,268
3845,1,410
3846,1,215
3847,1,502
3848,1,0
3849,1,0
3850,1,167
3851,1,305
3852,1,0
3853,1,193
3854,1,511
3855,1,0
3856,1,294
3857,1,0
3858,1,0
3859,1,0
3860,1,0
3861,1,223
3862,1,526
3863,1,0
3864,1,139
3865,1,584
3866,1,0
3867,1,360
3868,1,0
3869,1,0
3870,1,0
3871,1,0
3872,1,0
3873,1,0
3874,1,0
3875,1,330
3876,1,0
3877,1,281
3878,1,0
3879,1,0
3880,1,434
3881,1,0
3882,1,0
3883,1,0
3884,1,434
3885,1,0
3886,1,561
3887,1,598
3888,1,0
3889,1,0
3890,1,0
3891,1,0
3892,1,0
3893,1,0
3894,1,0
3895,1,0
3896,1,321
3897,1,0
3898,1,0
3899,1,445
3900,1,201
3901,1,0
3902,1,419
3903,1,190
3904,1,0
3905,1,0
3906,1,360
3907,1,304
3908,1,276
3909,1,592
3910,1,361
3911,1,324
3912,1,194
3913,1,216
3914,1,0
3915,1,165
3916,1,153
3917,1,263
3918,1,558
3919,1,0
3920,1,442
3921,1,0
3922,1,0
3923,1,217
3924,1,0
3925,1,0
3926,1,0
3927,1,121
3928,1,0
3929,1,0
3930,1,440
3931,1,0
3932,1,438
3933,1,453
3934,1,184
3935,1,0
3936,1,206
3937,1,139
3938,1,238
3939,1,358
3940,1,0
3941,1,0
3942,1,0
3943,1,0
3944,1,492
3945,1,459
3946,1,0
3947,1,0
3948,1,0
3949,1,0
3950,1,117
3951,1,0
3952,1,203
3953,1,128
3954,1,0
3955,1,0
3956,1,401
3957,1,0
3958,1,381
3959,1,0
3960,1,209
3961,1,0
3962,1,515
3963,1,0
3964,1,523
3965,1,0
3966,1,0
3967,1,0
3968,1,240
3969,1,0
3970,1,0
3971,1,230
3972,1,376
3973,1,243
3974,1,320
3975,1,0
3976,1,0
3977,1,0
3978,1,268
3979,1,553
3980,1,369
3981,1,599
3982,1,139
3983,1,464
3984,1,0
3985,1,0
3986,1,196
3987,1,146
3988,1,388
3989,1,0
3990,1,0
3991,1,0
3992,1,439
3993,1,0
3994,1,477
3995,1,282
3996,1,565
3997,1,167
3998,1,542
3999,1,598
4000,1,501
4001,1,159
4002,1,333
4003,1,0
4004,1,489
4005,1,0
4006,1,0
4007,1,117
4008,1,0
4009,1,0
4010,1,219
4011,1,590
4012,1,141
4013,1,416
4014,1,0
4015,1,0
4016,1,484
4017,1,0
4018,1,486
4019,1,0
4020,1,118
4021,1,448
4022,1,261
4023,1,470
4024,1,526
4025,1,566
4026,1,0
4027,1,435
4028,1,0
4029,1,0
4030,1,0
4031,1,443
4032,1,0
4033,1,436
4034,1,129
4035,1,0
4036,1,159
4037,1,0
4038,1,188
4039,1,199
4040,1,380
4041,1,387
4042,1,368
4043,1,0
4044,1,314
4045,1,234
4046,1,570
4047,1,561
4048,1,0
4049,1,0
4050,1,0
4051,1,392
4052,1,494
4053,1,0
4054,1,0
4055,1,0
4056,1,170
4057,1,0
4058,1,173
4059,1,312
4060,1,484
4061,1,212
4062,1,0
4063,1,391
4064,1,0
4065,1,263
4066,1,0
4067,1,133
4068,1,0
4069,1,0
4070,1,375
4071,1,209
4072,1,434
4073,1,0
4074,1,0
4075,1,436
4076,1,281
4077,1,0
4078,1,0
4079,1,0
4080,1,596
4081,1,339
4082,1,0
4083,1,170
4084,1,0
4085,1,0
4086,1,143
4087,1,332
4088,1,267
4089,1,423
4090,1,0
4091,1,479
4092,1,149
4093,1,541
4094,1,0
4095,1,0
4096,1,0
4097,1,536
4098,1,0
4099,1,452
4100,1,383
4101,1,589
4102,1,540
4103,1,0
4104,1,188
4105,1,0
4106,1,586
4107,1,0
4108,1,320
4109,1,578
4110,1,0
4111,1,0
4112,1,0
4113,1,0
4114,1,115
4115,1,324
4116,1,306
4117,1,0
4118,1,128
4119,1,478
4120,1,416
4121,1,0
4122,1,281
4123,1,374
4124,1,377
4125,1,0
4126,1,0
4127,1,0
4128,1,0
4129,1,0
4130,1,173
4131,1,0
4132,1,0
4133,1,589
4134,1,426
4135,1,305
4136,1,0
4137,1,158
4138,1,480
4139,1,492
4140,1,0
4141,1,211
4142,1,0
4143,1,442
4144,1,389
4145,1,502
4146,1,0
4147,1,0
4148,1,0
4149,1,0
4150,1,0
4151,1,577
4152,1,0
4153,1,0
4154,1,456
4155,1,0
4156,1,544
4157,1,410
4158,1,150
4159,1,590
4160,1,161
4161,1,0
4162,1,0
4163,1,0
4164,1,587
4165,1,301
4166,1,396
4167,1,362
4168,1,0
4169,1,0
4170,1,0
4171,1,478
4172,1,0
4173,1,0
4174,1,128
4175,1,0
4176,1,175
4177,1,0
4178,1,244
4179,1,356
4180,1,597
4181,1,342
4182,1,342
4183,1,0
4184,1,0
4185,1,430
4186,1,433
4187,1,146
4188,1,483
4189,1,178
4190,1,0
4191,1,0
4192,1,482
4193,1,241
4194,1,113
4195,1,0
4196,1,276
4197,1,0
4198,1,201
4199,1,0
4200,1,510
4201,1,0
4202,1,515
4203,1,344
4204,1,0
4205,1,0
4206,1,0
4207,1,0
4208,1,288
4209,1,558
4210,1,341
4211,1,0
4212,1,283
4213,1,0
4214,1,0
4215,1,447
4216,1,0
4217,1,374
4218,1,0
4219,1,0
4220,1,0
4221,1,320
4222,1,323
4223,1,271
4224,1,395
4225,1,321
4226,1,358
4227,1,536
4228,1,0
4229,1,0
4230,1,516
4231,1,310
4232,1,427
4233,1,375
4234,1,0
4235,1,0
4236,1,0
4237,1,0
4238,1,0
4239,1,0
4240,1,0
4241,1,259
4242,1,512
4243,1,0
4244,1,307
4245,1,0
4246,1,413
4247,1,0
4248,1,385
4249,1,435
4250,1,481
4251,1,162
4252,1,0
4253,1,541
4254,1,191
4255,1,255
4256,1,111
4257,1,0
4258,1,0
4259,1,0
4260,1,0
4261,1,493
4262,1,0
4263,1,540
4264,1,166
4265,1,0
4266,1,547
4267,1,317
4268,1,0
4269,1,435
4270,1,545
4271,1,0
4272,1,0
4273,1,375
4274,1,0
4275,1,508
4276,1,299
4277,1,0
4278,1,229
4279,1,338
4280,1,0
4281,1,544
4282,1,432
4283,1,0
4284,1,174
4285,1,0
4286,1,159
4287,1,0
4288,1,0
4289,1,0
4290,1,0
4291,1,0
4292,1,209
4293,1,0
4294,1,0
4295,1,0
4296,1,0
4297,1,0
4298,1,547
4299,1,0
4300,1,244
4301,1,0
4302,1,329
4303,1,0
4304,1,0
4305,1,0
4306,1,345
4307,1,0
4308,1,0
4309,1,0
4310,1,0
4311,1,177
4312,1,0
4313,1,525
4314,1,0
4315,1,197
4316,1,422
4317,1,0
4318,1,255
4319,1,0
4320,1,0
4321,1,128
4322,1,0
4323,1,410
4324,1,355
4325,1,377
4326,1,0
4327,1,0
4328,1,125
4329,1,111
4330,1,147
4331,1,568
4332,1,435
4333,1,292
4334,1,520
4335,1,0
4336,1,394
4337,1,444
4338,1,0
4339,1,0
4340,1,0
4341,1,232
4342,1,368
4343,1,0
4344,1,0
4345,1,0
4346,1,0
4347,1,0
4348,1,456
4349,1,0
4350,1,528
4351,1,0
4352,1,0
4353,1,0
4354,1,340
4355,1,182
4356,1,0
4357,1,290
4358,1,148
4359,1,0
4360,1,508
4361,1,0
4362,1,372
4363,1,423
4364,1,0
4365,1,0
4366,1,0
4367,1,431
4368,1,523
4369,1,0
4370,1,328
4371,1,428
4372,1,0
4373,1,0
4374,1,0
4375,1,0
4376,1,0
4377,1,268
4378,1,156
4379,1,223
4380,1,0
4381,1,0
4382,1,460
4383,1,0
4384,1,536
4385,1,0
4386,1,0
4387,1,0
4388,1,0
4389,1,0
4390,1,341
4391,1,0
4392,1,0
4393,1,271
4394,1,0
4395,1,0
4396,1,0
4397,1,0
4398,1,0
4399,1,0
4400,1,572
4401,1,0
4402,1,0
4403,1,542
4404,1,262
4405,1,498
4406,1,0
4407,1,0
4408,1,432
4409,1,288
4410,1,111
4411,1,411
4412,1,0
4413,1,485
4414,1,354
4415,1,523
4416,1,173
4417,1,455
4418,1,0
4419,1,0
4420,1,0
4421,1,0
4422,1,481
4423,1,250
4424,1,0
4425,1,433
4426,1,543
4427,1,0
4428,1,0
4429,1,0
4430,1,355
4431,1,201
4432,1,392
4433,1,0
4434,1,186
4435,1,0
4436,1,269
4437,1,0
4438,1,0
4439,1,0
4440,1,185
4441,1,0
4442,1,595
4443,1,334
4444,1,0
4445,1,511
4446,1,149
4447,1,0
4448,1,0
4449,1,0
4450,1,0
4451,1,591
4452,1,0
4453,1,0
4454,1,284
4455,1,0
4456,1,260
4457,1,0
4458,1,348
4459,1,0
4460,1,264
4461,1,429
4462,1,0
4463,1,0
4464,1,0
4465,1,486
4466,1,485
4467,1,444
4468,1,443
4469,1,0
4470,1,527
4471,1,0
4472,1,575
4473,1,0
4474,1,246
4475,1,0
4476,1,530
4477,1,0
4478,1,0
4479,1,0
4480,1,594
4481,1,0
4482,1,582
4483,1,333
4484,1,0
4485,1,0
4486,1,184
4487,1,0
4488,1,525
4489,1,295
4490,1,595
4491,1,248
4492,1,0
4493,1,543
4494,1,561
4495,1,499
4496,1,215
4497,1,315
4498,1,195
4499,1,193
4500,1,164
4501,1,0
4502,1,0
4503,1,0
4504,1,0
4505,1,285
4506,1,410
4507,1,0
4508,1,151
4509,1,563
4510,1,168
4511,1,0
4512,1,0
4513,1,367
4514,1,0
4515,1,501
4516,1,0
4517,1,0
4518,1,248
4519,1,548
4520,1,0
4521,1,146
4522,1,0
4523,1,0
4524,1,0
4525,1,458
4526,1,595
4527,1,522
4528,1,0
4529,1,381
4530,1,0
4531,1,0
4532,1,239
4533,1,301
4534,1,593
4535,1,0
4536,1,246
4537,1,466
4538,1,0
4539,1,342
4540,1,298
4541,1,186
4542,1,0
4543,1,0
4544,1,416
4545,1,270
4546,1,0
4547,1,430
4548,1,0
4549,1,443
4550,1,190
4551,1,254
4552,1,0
4553,1,0
4554,1,0
4555,1,154
4556,1,254
4557,1,0
4558,1,529
4559,1,464
4560,1,0
4561,1,0
4562,1,140
4563,1,495
4564,1,115
4565,1,424
4566,1,0
4567,1,0
4568,1,228
4569,1,0
4570,1,0
4571,1,0
4572,1,0
4573,1,441
4574,1,0
4575,1,0
4576,1,0
4577,1,0
4578,1,0
4579,1,486
4580,1,0
4581,1,0
4582,1,434
4583,1,243
4584,1,558
4585,1,0
4586,1,0
4587,1,0
4588,1,140
4589,1,541
4590,1,0
4591,1,0
4592,1,548
4593,1,529
4594,1,0
4595,1,417
4596,1,476
4597,1,0
4598,1,0
4599,1,505
4600,1,513
4601,1,0
4602,1,0
4603,1,0
4604,1,0
4605,1,0
4606,1,429
4607,1,0
4608,1,0
4609,1,0
4610,1,205
4611,1,0
4612,1,0
4613,1,0
4614,1,0
4615,1,166
4616,1,505
4617,1,0
4618,1,0
4619,1,258
4620,1,0
4621,1,0
4622,1,172
4623,1,558
4624,1,269
4625,1,0
4626,1,0
4627,1,178
4628,1,520
4629,1,518
4630,1,400
4631,1,0
4632,1,0
4633,1,420
4634,1,0
4635,1,0
4636,1,219
4637,1,224
4638,1,355
4639,1,226
4640,1,422
4641,1,0
4642,1,117
4643,1,231
4644,1,500
4645,1,203
4646,1,427
4647,1,0
4648,1,269
4649,1,0
4650,1,213
4651,1,0
4652,1,516
4653,1,0
4654,1,0
4655,1,185
4656,1,165
4657,1,150
4658,1,0
4659,1,252
4660,1,417
4661,1,0
4662,1,453
4663,1,0
4664,1,485
4665,1,486
4666,1,0
4667,1,0
4668,1,519
4669,1,382
4670,1,0
4671,1,421
4672,1,469
4673,1,382
4674,1,234
4675,1,0
4676,1,421
4677,1,0
4678,1,0
4679,1,281
4680,1,219
4681,1,0
4682,1,0
4683,1,0
4684,1,173
4685,1,0
4686,1,0
4687,1,0
4688,1,568
4689,1,453
4690,1,0
4691,1,523
4692,1,243
4693,1,0
4694,1,453
4695,1,0
4696,1,0
4697,1,506
4698,1,276
4699,1,0
4700,1,0
4701,1,452
4702,1,226
4703,1,0
4704,1,428
4705,1,0
4706,1,150
4707,1,0
4708,1,0
4709,1,0
4710,1,398
4711,1,542
4712,1,136
4713,1,0
4714,1,0
4715,1,0
4716,1,403
4717,1,0
4718,1,136
4719,1,187
4720,1,0
4721,1,0
4722,1,0
4723,1,0
4724,1,0
4725,1,0
4726,1,205
4727,1,498
4728,1,0
4729,1,0
4730,1,345
4731,1,200
4732,1,0
4733,1,0
4734,1,274
4735,1,470
4736,1,0
4737,1,442
4738,1,0
4739,1,0
4740,1,575
4741,1,343
4742,1,0
4743,1,0
4744,1,440
4745,1,0
4746,1,557
4747,1,0
4748,1,523
4749,1,392
4750,1,359
4751,1,0
4752,1,220
4753,1,0
4754,1,215
4755,1,0
4756,1,0
4757,1,195
4758,1,406
4759,1,0
4760,1,0
4761,1,141
4762,1,552
4763,1,0
4764,1,0
4765,1,305
4766,1,167
4767,1,0
4768,1,523
4769,1,0
4770,1,0
4771,1,0
4772,1,506
4773,1,127
4774,1,0
4775,1,0
4776,1,0
4777,1,497
4778,1,0
4779,1,0
4780,1,0
4781,1,0
4782,1,0
4783,1,0
4784,1,282
4785,1,0
4786,1,0
4787,1,423
4788,1,0
4789,1,0
4790,1,0
4791,1,391
4792,1,293
4793,1,290
4794,1,0
4795,1,581
4796,1,0
4797,1,0
4798,1,386
4799,1,0
4800,1,172
4801,1,0
4802,1,333
4803,1,395
4804,1,0
4805,1,276
4806,1,0
4807,1,512
4808,1,574
4809,1,514
4810,1,289
4811,1,0
4812,1,0
4813,1,300
4814,1,596
4815,1,543
4816,1,0
4817,1,118
4818,1,0
4819,1,0
4820,1,196
4821,1,502
4822,1,0
4823,1,0
4824,1,425
4825,1,378
4826,1,0
4827,1,0
4828,1,532
4829,1,0
4830,1,0
4831,1,0
4832,1,350
4833,1,246
4834,1,427
4835,1,0
4836,1,410
4837,1,481
4838,1,0
4839,1,445
4840,1,0
4841,1,341
4842,1,0
4843,1,278
4844,1,316
4845,1,316
4846,1,444
4847,1,481
4848,1,0
4849,1,0
4850,1,0
4851,1,0
4852,1,0
4853,1,0
4854,1,0
4855,1,0
4856,1,370
4857,1,391
4858,1,412
4859,1,436
4860,1,0
4861,1,163
4862,1,0
4863,1,0
4864,1,352
4865,1,391
4866,1,0
4867,1,441
4868,1,505
4869,1,0
4870,1,202
4871,1,0
4872,1,598
4873,1,0
4874,1,127
4875,1,375
4876,1,0
4877,1,0
4878,1,0
4879,1,0
4880,1,0
4881,1,358
4882,1,0
4883,1,483
4884,1,393
4885,1,470
4886,1,142
4887,1,157
4888,1,398
4889,1,0
4890,1,586
4891,1,118
4892,1,0
4893,1,282
4894,1,0
4895,1,521
4896,1,325
4897,1,180
4898,1,0
4899,1,0
4900,1,0
4901,1,0
4902,1,0
4903,1,0
4904,1,0
4905,1,0
4906,1,378
4907,1,0
4908,1,0
4909,1,157
4910,1,0
4911,1,275
4912,1,330
4913,1,0
4914,1,0
4915,1,590
4916,1,447
4917,1,226
4918,1,360
4919,1,0
4920,1,246
4921,1,0
4922,1,0
4923,1,0
4924,1,600
4925,1,423
4926,1,502
4927,1,457
4928,1,0
4929,1,0
4930,1,279
4931,1,516
4932,1,0
4933,1,352
4934,1,0
4935,1,0
4936,1,0
4937,1,327
4938,1,166
4939,1,0
4940,1,463
4941,1,484
4942,1,0
4943,1,0
4944,1,358
4945,1,0
4946,1,0
4947,1,491
4948,1,0
4949,1,309
4950,1,0
4951,1,479
4952,1,0
4953,1,0
4954,1,0
4955,1,0
4956,1,556
4957,1,187
4958,1,522
4959,1,315
4960,1,303
4961,1,0
4962,1,181
4963,1,473
4964,1,0
4965,1,0
4966,1,163
4967,1,0
4968,1,144
4969,1,0
4970,1,352
4971,1,0
4972,1,203
4973,1,0
4974,1,0
4975,1,0
4976,1,125
4977,1,0
4978,1,290
4979,1,0
4980,1,0
4981,1,595
4982,1,0
4983,1,0
4984,1,0
4985,1,345
4986,1,0
4987,1,309
4988,1,0
4989,1,335
4990,1,0
4991,1,0
4992,1,0
4993,1,593
4994,1,141
4995,1,0
4996,1,0
4997,1,463
4998,1,0
4999,1,0
5000,1,200
5001,1,0
5002,1,565
5003,1,0
5004,1,0
5005,1,299
5006,1,542
5007,1,0
5008,1,0
5009,1,0
5010,1,0
5011,1,0
5012,1,393
5013,1,0
5014,1,137
5015,1,537
5016,1,169
5017,1,454
5018,1,0
5019,1,255
5020,1,355
5021,1,0
5022,1,0
5023,1,152
5024,1,550
5025,1,0
5026,1,482
5027,1,0
5028,1,0
5029,1,317
5030,1,187
5031,1,234
5032,1,413
5033,1,240
5034,1,417
5035,1,0
5036,1,0
5037,1,564
5038,1,0
5039,1,404
5040,1,0
5041,1,230
5042,1,0
5043,1,167
5044,1,0
5045,1,455
5046,1,0
5047,1,0
5048,1,0
5049,1,0
5050,1,0
5051,1,0
5052,1,0
5053,1,242
5054,1,0
5055,1,0
5056,1,112
5057,1,0
5058,1,0
5059,1,479
5060,1,294
5061,1,233
5062,1,0
5063,1,250
5064,1,0
5065,1,334
5066,1,456
5067,1,390
5068,1,338
5069,1,0
5070,1,0
5071,1,374
5072,1,217
5073,1,0
5074,1,0
5075,1,0
5076,1,0
5077,1,0
5078,1,409
5079,1,0
5080,1,320
5081,1,576
5082,1,0
5083,1,0
5084,1,589
5085,1,0
5086,1,230
5087,1,168
5088,1,0
5089,1,257
5090,1,0
5091,1,127
5092,1,398
5093,1,372
5094,1,0
5095,1,0
5096,1,0
5097,1,0
5098,1,315
5099,1,448
5100,1,524
5101,1,0
5102,1,0
5103,1,0
5104,1,0
5105,1,475
5106,1,340
5107,1,0
5108,1,0
5109,1,451
5110,1,411
5111,1,0
5112,1,284
5113,1,397
5114,1,451
5115,1,566
5116,1,581
5117,1,427
5118,1,152
5119,1,128
5120,1,501
5121,1,343
5122,1,0
5123,1,490
5124,1,0
5125,1,0
5126,1,0
5127,1,0
5128,1,300
5129,1,0
5130,1,322
5131,1,519
5132,1,393
5133,1,0
5134,1,0
5135,1,153
5136,1,0
5137,1,515
5138,1,202
5139,1,143
5140,1,0
5141,1,0
5142,1,588
5143,1,0
5144,1,280
5145,1,439
5146,1,0
5147,1,0
5148,1,0
5149,1,0
5150,1,226
5151,1,0
5152,1,0
5153,1,521
5154,1,0
5155,1,0
5156,1,422
5157,1,560
5158,1,0
5159,1,0
5160,1,490
5161,1,0
5162,1,0
5163,1,0
5164,1,513
5165,1,0
5166,1,0
5167,1,330
5168,1,0
5169,1,458
5170,1,161
5171,1,0
5172,1,0
5173,1,505
5174,1,569
5175,1,450
5176,1,569
5177,1,333
5178,1,570
5179,1,280
5180,1,294
5181,1,0
5182,1,390
5183,1,196
5184,1,458
5185,1,306
5186,1,376
5187,1,355
5188,1,476
5189,1,0
5190,1,224
5191,1,0
5192,1,0
5193,1,203
5194,1,0
5195,1,0
5196,1,111
5197,1,0
5198,1,388
5199,1,0
5200,1,237
5201,1,0
5202,1,504
5203,1,252
5204,1,463
5205,1,122
5206,1,592
5207,1,0
5208,1,552
5209,1,518
5210,1,0
5211,1,247
5212,1,391
5213,1,435
5214,1,307
5215,1,0
5216,1,277
5217,1,0
5218,1,348
5219,1,0
5220,1,490
5221,1,185
5222,1,0
5223,1,244
5224,1,0
5225,1,0
5226,1,439
5227,1,326
5228,1,0
5229,1,0
5230,1,272
5231,1,209
5232,1,555
5233,1,411
5234,1,0
5235,1,0
5236,1,0
5237,1,159
5238,1,0
5239,1,379
5240,1,496
5241,1,0
5242,1,0
5243,1,0
5244,1,508
5245,1,413
5246,1,0
5247,1,344
5248,1,334
5249,1,253
5250,1,0
5251,1,0
5252,1,575
5253,1,0
5254,1,0
5255,1,407
5256,1,0
5257,1,0
5258,1,214
5259,1,0
5260,1,0
5261,1,470
5262,1,0
5263,1,0
5264,1,0
5265,1,285
5266,1,0
5267,1,0
5268,1,160
5269,1,0
5270,1,0
5271,1,535
5272,1,0
5273,1,0
5274,1,340
5275,1,596
5276,1,117
5277,1,428
5278,1,0
5279,1,366
5280,1,141
5281,1,0
5282,1,0
5283,1,0
5284,1,0
5285,1,0
5286,1,0
5287,1,274
5288,1,262
5289,1,276
5290,1,449
5291,1,0
5292,1,313
5293,1,0
5294,1,0
5295,1,371
5296,1,247
5297,1,0
5298,1,0
5299,1,356
5300,1,0
5301,1,447
5302,1,0
5303,1,347
5304,1,213
5305,1,332
5306,1,0
5307,1,0
5308,1,0
5309,1,0
5310,1,0
5311,1,0
5312,1,491
5313,1,520
5314,1,398
5315,1,0
5316,1,0
5317,1,330
5318,1,256
5319,1,546
5320,1,0
5321,1,0
5322,1,401
5323,1,0
5324,1,400
5325,1,0
5326,1,500
5327,1,337
5328,1,0
5329,1,188
5330,1,0
5331,1,0
5332,1,0
5333,1,410
5334,1,231
5335,1,489
5336,1,497
5337,1,0
5338,1,0
5339,1,0
5340,1,0
5341,1,592
5342,1,502
5343,1,0
5344,1,0
5345,1,291
5346,1,212
5347,1,0
5348,1,0
5349,1,328
5350,1,163
5351,1,0
5352,1,0
5353,1,367
5354,1,0
5355,1,527
5356,1,0
5357,1,295
5358,1,0
5359,1,371
5360,1,346
5361,1,0
5362,1,0
5363,1,0
5364,1,0
5365,1,0
5366,1,0
5367,1,169
5368,1,0
5369,1,0
5370,1,0
5371,1,0
5372,1,0
5373,1,316
5374,1,526
5375,1,596
5376,1,296
5377,1,0
5378,1,0
5379,1,0
5380,1,579
5381,1,0
5382,1,0
5383,1,0
5384,1,171
5385,1,147
5386,1,279
5387,1,177
5388,1,0
5389,1,0
5390,1,0
5391,1,0
5392,1,0
5393,1,132
5394,1,561
5395,1,0
5396,1,0
5397,1,516
5398,1,310
5399,1,258
5400,1,0
5401,1,0
5402,1,276
5403,1,0
5404,1,150
5405,1,398
5406,1,175
5407,1,362
5408,1,0
5409,1,0
5410,1,0
5411,1,0
5412,1,0
5413,1,0
5414,1,0
5415,1,391
5416,1,598
5417,1,493
5418,1,224
5419,1,591
5420,1,516
5421,1,237
5422,1,0
5423,1,559
5424,1,0
5425,1,0
5426,1,0
5427,1,354
5428,1,467
5429,1,117
5430,1,435
5431,1,0
5432,1,0
5433,1,0
5434,1,360
5435,1,168
5436,1,490
5437,1,244
5438,1,0
5439,1,187
5440,1,220
5441,1,279
5442,1,0
5443,1,0
5444,1,197
5445,1,450
5446,1,0
5447,1,0
5448,1,0
5449,1,446
5450,1,0
5451,1,0
5452,1,0
5453,1,0
5454,1,0
5455,1,0
5456,1,527
5457,1,0
5458,1,0
5459,1,209
5460,1,431
5461,1,0
5462,1,504
5463,1,368
5464,1,0
5465,1,0
5466,1,135
5467,1,0
5468,1,0
5469,1,0
5470,1,0
5471,1,358
5472,1,155
5473,1,479
5474,1,0
5475,1,117
5476,1,0
5477,1,0
5478,1,0
5479,1,531
5480,1,0
5481,1,320
5482,1,250
5483,1,0
5484,1,572
5485,1,0
5486,1,0
5487,1,213
5488,1,222
5489,1,0
5490,1,0
5491,1,0
5492,1,417
5493,1,380
5494,1,238
5495,1,0
5496,1,0
5497,1,215
5498,1,580
5499,1,331
5500,1,0
5501,1,462
5502,1,395
5503,1,393
5504,1,130
5505,1,408
5506,1,0
5507,1,298
5508,1,204
5509,1,0
5510,1,0
5511,1,0
5512,1,0
5513,1,464
5514,1,592
5515,1,595
5516,1,524
5517,1,522
5518,1,0
5519,1,0
5520,1,273
5521,1,389
5522,1,593
5523,1,383
5524,1,0
5525,1,0
5526,1,0
5527,1,515
5528,1,486
5529,1,444
5530,1,338
5531,1,179
5532,1,579
5533,1,0
5534,1,336
5535,1,0
5536,1,460
5537,1,0
5538,1,0
5539,1,409
5540,1,0
5541,1,0
5542,1,263
5543,1,233
5544,1,0
5545,1,0
5546,1,321
5547,1,0
5548,1,0
5549,1,0
5550,1,525
5551,1,324
5552,1,202
5553,1,581
5554,1,0
5555,1,0
5556,1,335
5557,1,176
5558,1,117
5559,1,332
5560,1,136
5561,1,0
5562,1,212
5563,1,0
5564,1,269
5565,1,583
5566,1,0
5567,1,0
5568,1,415
5569,1,0
5570,1,0
5571,1,333
5572,1,478
5573,1,279
5574,1,0
5575,1,0
5576,1,0
5577,1,507
5578,1,0
5579,1,0
5580,1,345
5581,1,526
5582,1,399
5583,1,0
5584,1,282
5585,1,0
5586,1,524
5587,1,0
5588,1,154
5589,1,0
5590,1,0
5591,1,157
5592,1,0
5593,1,146
5594,1,0
5595,1,0
5596,1,0
5597,1,188
5598,1,0
5599,1,224
5600,1,0
5601,1,281
5602,1,0
5603,1,368
5604,1,192
5605,1,0
5606,1,364
5607,1,572
5608,1,0
5609,1,0
5610,1,0
5611,1,550
5612,1,0
5613,1,0
5614,1,0
5615,1,0
5616,1,468
5617,1,0
5618,1,0
5619,1,182
5620,1,256
5621,1,0
5622,1,583
5623,1,0
5624,1,0
5625,1,571
5626,1,0
5627,1,0
5628,1,0
5629,1,286
5630,1,0
5631,1,0
5632,1,344
5633,1,417
5634,1,0
5635,1,287
5636,1,123
5637,1,272
5638,1,178
5639,1,0
5640,1,0
5641,1,169
5642,1,516
5643,1,417
5644,1,0
5645,1,0
5646,1,589
5647,1,0
5648,1,392
5649,1,337
5650,1,0
5651,1,0
5652,1,501
5653,1,0
5654,1,312
5655,1,213
5656,1,0
5657,1,448
5658,1,384
5659,1,147
5660,1,0
5661,1,0
5662,1,188
5663,1,0
5664,1,0
5665,1,516
5666,1,0
5667,1,588
5668,1,164
5669,1,0
5670,1,0
5671,1,0
5672,1,0
5673,1,0
5674,1,424
5675,1,397
5676,1,524
5677,1,561
5678,1,406
5679,1,0
5680,1,0
5681,1,353
5682,1,0
5683,1,0
5684,1,361
5685,1,288
5686,1,477
5687,1,0
5688,1,0
5689,1,349
5690,1,489
5691,1,579
5692,1,0
5693,1,308
5694,1,0
5695,1,0
5696,1,0
5697,1,593
5698,1,0
5699,1,207
5700,1,0
5701,1,347
5702,1,560
5703,1,312
5704,1,0
5705,1,0
5706,1,0
5707,1,0
5708,1,0
5709,1,0
5710,1,0
5711,1,275
5712,1,281
5713,1,0
5714,1,593
5715,1,262
5716,1,0
5717,1,0
5718,1,332
5719,1,0
5720,1,0
5721,1,189
5722,1,0
5723,1,322
5724,1,136
5725,1,205
5726,1,0
5727,1,0
5728,1,361
5729,1,0
5730,1,0
5731,1,408
5732,1,227
5733,1,0
5734,1,0
5735,1,424
5736,1,0
5737,1,411
5738,1,0
5739,1,0
5740,1,0
5741,1,0
5742,1,523
5743,1,210
5744,1,311
5745,1,339
5746,1,0
5747,1,0
5748,1,196
5749,1,0
5750,1,0
5751,1,0
5752,1,0
5753,1,429
5754,1,302
5755,1,0
5756,1,0
5757,1,181
5758,1,510
5759,1,0
5760,1,437
5761,1,0
5762,1,568
5763,1,0
5764,1,416
5765,1,0
5766,1,0
5767,1,333
5768,1,260
5769,1,492
5770,1,0
5771,1,0
5772,1,0
5773,1,0
5774,1,424
5775,1,406
5776,1,0
5777,1,0
5778,1,554
5779,1,0
5780,1,461
5781,1,0
5782,1,253
5783,1,0
5784,1,0
5785,1,0
5786,1,0
5787,1,317
5788,1,0
5789,1,0
5790,1,362
5791,1,0
5792,1,0
5793,1,0
5794,1,0
5795,1,353
5796,1,328
5797,1,358
5798,1,0
5799,1,0
5800,1,131
5801,1,0
5802,1,362
5803,1,412
5804,1,0
5805,1,349
5806,1,0
5807,1,0
5808,1,152
5809,1,266
5810,1,589
5811,1,242
5812,1,0
5813,1,0
5814,1,287
5815,1,236
5816,1,0
5817,1,161
5818,1,0
5819,1,587
5820,1,195
5821,1,568
5822,1,560
5823,1,390
5824,1,0
5825,1,0
5826,1,0
5827,1,0
5828,1,197
5829,1,0
5830,1,0
5831,1,0
5832,1,219
5833,1,576
5834,1,0
5835,1,0
5836,1,0
5837,1,171
5838,1,247
5839,1,0
5840,1,0
5841,1,0
5842,1,454
5843,1,157
5844,1,376
5845,1,201
5846,1,513
5847,1,0
5848,1,238
5849,1,206
5850,1,0
5851,1,308
5852,1,0
5853,1,0
5854,1,380
5855,1,508
5856,1,0
5857,1,577
5858,1,0
5859,1,0
5860,1,0
5861,1,273
5862,1,0
5863,1,0
5864,1,0
5865,1,0
5866,1,525
5867,1,128
5868,1,0
5869,1,0
5870,1,0
5871,1,413
5872,1,420
5873,1,0
5874,1,496
5875,1,267
5876,1,317
5877,1,253
5878,1,584
5879,1,424
5880,1,0
5881,1,0
5882,1,561
5883,1,0
5884,1,0
5885,1,0
5886,1,0
5887,1,0
5888,1,0
5889,1,0
5890,1,222
5891,1,0
5892,1,0
5893,1,359
5894,1,0
5895,1,297
5896,1,0
5897,1,188
5898,1,0
5899,1,0
5900,1,0
5901,1,0
5902,1,0
5903,1,526
5904,1,199
5905,1,157
5906,1,0
5907,1,0
5908,1,0
5909,1,227
5910,1,599
5911,1,488
5912,1,427
5913,1,0
5914,1,0
5915,1,350
5916,1,407
5917,1,0
5918,1,0
5919,1,0
5920,1,0
5921,1,530
5922,1,0
5923,1,118
5924,1,0
5925,1,0
5926,1,486
5927,1,227
5928,1,0
5929,1,212
5930,1,534
5931,1,0
5932,1,0
5933,1,503
5934,1,465
5935,1,494
5936,1,424
5937,1,0
5938,1,387
5939,1,215
5940,1,0
5941,1,0
5942,1,0
5943,1,406
5944,1,0
5945,1,0
5946,1,0
5947,1,241
5948,1,0
5949,1,362
5950,1,371
5951,1,0
5952,1,202
5953,1,315
5954,1,0
5955,1,450
5956,1,0
5957,1,598
5958,1,0
5959,1,224
5960,1,132
5961,1,0
5962,1,0
5963,1,0
5964,1,523
5965,1,0
5966,1,142
5967,1,0
5968,1,360
5969,1,0
5970,1,142
5971,1,0
5972,1,139
5973,1,0
5974,1,418
5975,1,0
5976,1,0
5977,1,305
5978,1,114
5979,1,306
5980,1,127
5981,1,238
5982,1,439
5983,1,0
5984,1,0
5985,1,375
5986,1,247
5987,1,0
5988,1,0
5989,1,0
5990,1,122
5991,1,0
5992,1,0
5993,1,0
5994,1,122
5995,1,0
5996,1,0
5997,1,314
5998,1,386
5999,1,332
6000,1,133
6001,1,201
6002,1,540
6003,1,276
6004,1,0
6005,1,0
6006,1,304
6007,1,507
6008,1,288
6009,1,0
6010,1,319
6011,1,0
6012,1,544
6013,1,561
6014,1,352
6015,1,425
6016,1,0
6017,1,0
6018,1,0
6019,1,379
6020,1,0
6021,1,0
6022,1,531
6023,1,296
6024,1,0
6025,1,0
6026,1,0
6027,1,0
6028,1,249
6029,1,0
6030,1,207
6031,1,565
6032,1,0
6033,1,0
6034,1,0
6035,1,437
6036,1,366
6037,1,0
6038,1,548
6039,1,0
6040,1,356
6041,1,587
6042,1,0
6043,1,0
6044,1,0
6045,1,443
6046,1,270
6047,1,590
6048,1,0
6049,1,0
6050,1,387
6051,1,0
6052,1,0
6053,1,202
6054,1,367
6055,1,555
6056,1,0
6057,1,215
6058,1,0
6059,1,0
6060,1,0
6061,1,0
6062,1,0
6063,1,0
6064,1,430
6065,1,315
6066,1,0
6067,1,393
6068,1,356
6069,1,362
6070,1,170
6071,1,327
6072,1,290
6073,1,0
6074,1,0
6075,1,136
6076,1,0
6077,1,0
6078,1,0
6079,1,187
6080,1,232
6081,1,0
6082,1,0
6083,1,565
6084,1,0
6085,1,0
6086,1,0
6087,1,0
6088,1,0
6089,1,313
6090,1,0
6091,1,379
6092,1,475
6093,1,0
6094,1,534
6095,1,373
6096,1,384
6097,1,0
6098,1,0
6099,1,0
6100,1,0
6101,1,0
6102,1,0
6103,1,400
6104,1,148
6105,1,0
6106,1,0
6107,1,182
6108,1,0
6109,1,0
6110,1,310
6111,1,0
6112,1,496
6113,1,0
6114,1,274
6115,1,0
6116,1,193
6117,1,0
6118,1,0
6119,1,0
6120,1,0
6121,1,213
6122,1,0
6123,1,554
6124,1,286
6125,1,538
6126,1,322
6127,1,0
6128,1,197
6129,1,291
6130,1,0
6131,1,0
6132,1,424
6133,1,0
6134,1,0
6135,1,0
6136,1,0
6137,1,414
6138,1,0
6139,1,0
6140,1,591
6141,1,0
6142,1,160
6143,1,0
6144,1,360
6145,1,0
6146,1,515
6147,1,0
6148,1,286
6149,1,244
6150,1,202
6151,1,268
6152,1,0
6153,1,0
6154,1,403
6155,1,0
6156,1,0
6157,1,221
6158,1,323
6159,1,0
6160,1,0
6161,1,0
6162,1,0
6163,1,120
6164,1,534
6165,1,521
6166,1,0
6167,1,0
6168,1,116
6169,1,0
6170,1,191
6171,1,550
6172,1,0
6173,1,191
6174,1,136
6175,1,410
6176,1,0
6177,1,0
6178,1,165
6179,1,0
6180,1,578
6181,1,0
6182,1,272
6183,1,0
6184,1,554
6185,1,0
6186,1,0
6187,1,0
6188,1,412
6189,1,0
6190,1,255
6191,1,0
6192,1,0
6193,1,387
6194,1,462
6195,1,0
6196,1,0
6197,1,0
6198,1,145
6199,1,0
6200,1,336
6201,1,586
6202,1,422
6203,1,351
6204,1,398
6205,1,0
6206,1,0
6207,1,0
6208,1,0
6209,1,447
6210,1,353
6211,1,0
6212,1,496
6213,1,0
6214,1,0
6215,1,466
6216,1,0
6217,1,210
6218,1,0
6219,1,0
6220,1,165
6221,1,0
6222,1,0
6223,1,0
6224,1,0
6225,1,0
6226,1,243
6227,1,173
6228,1,0
6229,1,279
6230,1,0
6231,1,579
6232,1,0
6233,1,461
6234,1,0
6235,1,266
6236,1,0
6237,1,447
6238,1,0
6239,1,0
6240,1,0
6241,1,427
6242,1,283
6243,1,0
6244,1,0
6245,1,214
6246,1,0
6247,1,0
6248,1,0
6249,1,167
6250,1,526
6251,1,348
6252,1,269
6253,1,0
6254,1,314
6255,1,0
6256,1,559
6257,1,0
6258,1,0
6259,1,287
6260,1,0
6261,1,598
6262,1,0
6263,1,0
6264,1,393
6265,1,0
6266,1,0
6267,1,292
6268,1,356
6269,1,0
6270,1,0
6271,1,0
6272,1,396
6273,1,0
6274,1,352
6275,1,476
6276,1,0
6277,1,0
6278,1,538
6279,1,0
6280,1,470
6281,1,573
6282,1,0
6283,1,448
6284,1,0
6285,1,375
6286,1,412
6287,1,0
6288,1,0
6289,1,0
6290,1,189
6291,1,0
6292,1,0
6293,1,570
6294,1,538
6295,1,0
6296,1,559
6297,1,205
6298,1,0
6299,1,510
6300,1,186
6301,1,0
6302,1,590
6303,1,0
6304,1,261
6305,1,0
6306,1,211
6307,1,464
6308,1,522
6309,1,218
6310,1,369
6311,1,0
6312,1,341
6313,1,0
6314,1,0
6315,1,475
6316,1,0
6317,1,264
6318,1,0
6319,1,299
6320,1,407
6321,1,0
6322,1,239
6323,1,544
6324,1,0
6325,1,0
6326,1,194
6327,1,0
6328,1,594
6329,1,178
6330,1,0
6331,1,0
6332,1,433
6333,1,413
6334,1,193
6335,1,0
6336,1,0
6337,1,0
6338,1,0
6339,1,161
6340,1,0
6341,1,547
6342,1,0
6343,1,116
6344,1,0
6345,1,0
6346,1,375
6347,1,0
6348,1,0
6349,1,378
6350,1,161
6351,1,141
6352,1,279
6353,1,0
6354,1,0
6355,1,417
6356,1,280
6357,1,253
6358,1,442
6359,1,182
6360,1,0
6361,1,320
6362,1,250
6363,1,0
6364,1,303
6365,1,0
6366,1,0
6367,1,0
6368,1,0
6369,1,578
6370,1,550
6371,1,384
6372,1,263
6373,1,0
6374,1,575
6375,1,137
6376,1,459
6377,1,573
6378,1,238
6379,1,0
6380,1,0
6381,1,0
6382,1,0
6383,1,0
6384,1,0
6385,1,206
6386,1,0
6387,1,333
6388,1,0
6389,1,509
6390,1,0
6391,1,419
6392,1,348
6393,1,253
6394,1,0
6395,1,376
6396,1,170
6397,1,483
6398,1,0
6399,1,119
6400,1,274
6401,1,0
6402,1,0
6403,1,452
6404,1,204
6405,1,543
6406,1,0
6407,1,561
6408,1,0
6409,1,558
6410,1,0
6411,1,0
6412,1,401
6413,1,179
6414,1,445
6415,1,594
6416,1,0
6417,1,0
6418,1,0
6419,1,0
6420,1,0
6421,1,125
6422,1,293
6423,1,0
6424,1,126
6425,1,0
6426,1,0
6427,1,0
6428,1,550
6429,1,0
6430,1,120
6431,1,0
6432,1,0
6433,1,145
6434,1,313
6435,1,0
6436,1,114
6437,1,231
6438,1,0
6439,1,267
6440,1,0
6441,1,591
6442,1,0
6443,1,0
6444,1,0
6445,1,0
6446,1,185
6447,1,0
6448,1,0
6449,1,0
6450,1,0
6451,1,0
6452,1,304
6453,1,0
6454,1,308
6455,1,0
6456,1,436
6457,1,550
6458,1,0
6459,1,415
6460,1,595
6461,1,0
6462,1,0
6463,1,0
6464,1,454
6465,1,0
6466,1,229
6467,1,511
6468,1,213
6469,1,0
6470,1,0
6471,1,358
6472,1,533
6473,1,0
6474,1,238
6475,1,0
6476,1,199
6477,1,0
6478,1,349
6479,1,540
6480,1,0
6481,1,0
6482,1,430
6483,1,0
6484,1,0
6485,1,262
6486,1,530
6487,1,454
6488,1,0
6489,1,313
6490,1,0
6491,1,0
6492,1,0
6493,1,0
6494,1,0
6495,1,354
6496,1,0
6497,1,340
6498,1,0
6499,1,183
6500,1,172
6501,1,208
6502,1,347
6503,1,0
6504,1,0
6505,1,0
6506,1,0
6507,1,0
6508,1,158
6509,1,0
6510,1,591
6511,1,592
6512,1,0
6513,1,0
6514,1,0
6515,1,261
6516,1,0
6517,1,0
6518,1,0
6519,1,0
6520,1,0
6521,1,501
6522,1,0
6523,1,0
6524,1,372
6525,1,0
6526,1,0
6527,1,464
6528,1,0
6529,1,0
6530,1,0
6531,1,195
6532,1,455
6533,1,592
6534,1,0
6535,1,431
6536,1,174
6537,1,222
6538,1,0
6539,1,0
6540,1,491
6541,1,341
6542,1,156
6543,1,181
6544,1,0
6545,1,236
6546,1,237
6547,1,569
6548,1,393
6549,1,344
6550,1,0
6551,1,151
6552,1,0
6553,1,150
6554,1,0
6555,1,0
6556,1,0
6557,1,0
6558,1,538
6559,1,349
6560,1,116
6561,1,0
6562,1,0
6563,1,167
6564,1,0
6565,1,0
6566,1,181
6567,1,0
6568,1,0
6569,1,569
6570,1,271
6571,1,442
6572,1,427
6573,1,0
6574,1,226
6575,1,430
6576,1,0
6577,1,380
6578,1,0
6579,1,0
6580,1,149
6581,1,450
6582,1,170
6583,1,0
6584,1,557
6585,1,339
6586,1,0
6587,1,0
6588,1,0
6589,1,468
6590,1,0
6591,1,197
6592,1,0
6593,1,390
6594,1,352
6595,1,0
6596,1,145
6597,1,0
6598,1,152
6599,1,124
6600,1,0
6601,1,0
6602,1,0
6603,1,0
6604,1,130
6605,1,468
6606,1,177
6607,1,446
6608,1,388
6609,1,238
6610,1,0
6611,1,0
6612,1,0
6613,1,0
6614,1,486
6615,1,0
6616,1,383
6617,1,0
6618,1,0
6619,1,308
6620,1,206
6621,1,0
6622,1,216
6623,1,223
6624,1,268
6625,1,531
6626,1,0
6627,1,0
6628,1,203
6629,1,0
6630,1,288
6631,1,0
6632,1,502
6633,1,361
6634,1,384
6635,1,263
6636,1,313
6637,1,0
6638,1,121
6639,1,0
6640,1,561
6641,1,298
6642,1,0
6643,1,434
6644,1,0
6645,1,250
6646,1,0
6647,1,556
6648,1,0
6649,1,0
6650,1,599
6651,1,352
6652,1,0
6653,1,0
6654,1,188
6655,1,567
6656,1,0
6657,1,0
6658,1,253
6659,1,216
6660,1,0
6661,1,0
6662,1,0
6663,1,0
6664,1,244
6665,1,0
6666,1,154
6667,1,0
6668,1,0
6669,1,549
6670,1,0
6671,1,262
6672,1,0
6673,1,560
6674,1,504
6675,1,0
6676,1,0
6677,1,0
6678,1,0
6679,1,0
6680,1,156
6681,1,0
6682,1,0
6683,1,508
6684,1,285
6685,1,0
6686,1,337
6687,1,553
6688,1,259
6689,1,350
6690,1,0
6691,1,0
6692,1,307
6693,1,498
6694,1,0
6695,1,269
6696,1,176
6697,1,0
6698,1,463
6699,1,342
6700,1,0
6701,1,0
6702,1,454
6703,1,0
6704,1,543
6705,1,425
6706,1,116
6707,1,175
6708,1,0
6709,1,0
6710,1,0
6711,1,514
6712,1,370
6713,1,0
6714,1,0
6715,1,158
6716,1,0
6717,1,345
6718,1,0
6719,1,0
6720,1,513
6721,1,0
6722,1,540
6723,1,0
6724,1,158
6725,1,137
6726,1,138
6727,1,283
6728,1,0
6729,1,471
6730,1,0
6731,1,140
6732,1,420
6733,1,0
6734,1,0
6735,1,385
6736,1,0
6737,1,0
6738,1,386
6739,1,0
6740,1,0
6741,1,0
6742,1,0
6743,1,0
6744,1,503
6745,1,516
6746,1,252
6747,1,511
6748,1,134
6749,1,0
6750,1,0
6751,1,0
6752,1,0
6753,1,0
6754,1,511
6755,1,0
6756,1,0
6757,1,591
6758,1,153
6759,1,0
6760,1,311
6761,1,0
6762,1,335
6763,1,415
6764,1,0
6765,1,346
6766,1,0
6767,1,0
6768,1,0
6769,1,0
6770,1,322
6771,1,526
6772,1,0
6773,1,185
6774,1,369
6775,1,0
6776,1,0
6777,1,534
6778,1,0
6779,1,0
6780,1,0
6781,1,518
6782,1,0
6783,1,0
6784,1,0
6785,1,117
6786,1,392
6787,1,598
6788,1,0
6789,1,0
6790,1,0
6791,1,0
6792,1,223
6793,1,156
6794,1,0
6795,1,0
6796,1,0
6797,1,414
6798,1,0
6799,1,0
6800,1,0
6801,1,471
6802,1,0
6803,1,0
6804,1,264
6805,1,597
6806,1,0
6807,1,0
6808,1,521
6809,1,133
6810,1,238
6811,1,0
6812,1,577
6813,1,0
6814,1,347
6815,1,221
6816,1,0
6817,1,0
6818,1,199
6819,1,243
6820,1,160
6821,1,227
6822,1,0
6823,1,0
6824,1,118
6825,1,0
6826,1,0
6827,1,0
6828,1,0
6829,1,268
6830,1,0
6831,1,0
6832,1,0
6833,1,0
6834,1,193
6835,1,490
6836,1,441
6837,1,182
6838,1,502
6839,1,0
6840,1,0
6841,1,175
6842,1,0
6843,1,490
6844,1,496
6845,1,0
6846,1,460
6847,1,392
6848,1,0
6849,1,0
6850,1,0
6851,1,439
6852,1,347
6853,1,132
6854,1,0
6855,1,256
6856,1,0
6857,1,0
6858,1,0
6859,1,117
6860,1,0
6861,1,247
6862,1,149
6863,1,0
6864,1,0
6865,1,0
6866,1,0
6867,1,471
6868,1,0
6869,1,492
6870,1,0
6871,1,426
6872,1,0
6873,1,545
6874,1,0
6875,1,598
6876,1,0
6877,1,572
6878,1,0
6879,1,0
6880,1,0
6881,1,0
6882,1,0
6883,1,501
6884,1,217
6885,1,0
6886,1,132
6887,1,362
6888,1,395
6889,1,0
6890,1,0
6891,1,206
6892,1,559
6893,1,0
6894,1,0
6895,1,144
6896,1,580
6897,1,0
6898,1,0
6899,1,0
6900,1,578
6901,1,0
6902,1,0
6903,1,0
6904,1,0
6905,1,0
6906,1,418
6907,1,0
6908,1,147
6909,1,139
6910,1,0
6911,1,256
6912,1,337
6913,1,0
6914,1,0
6915,1,393
6916,1,161
6917,1,281
6918,1,554
6919,1,0
6920,1,0
6921,1,0
6922,1,156
6923,1,0
6924,1,276
6925,1,0
6926,1,213
6927,1,0
6928,1,0
6929,1,0
6930,1,0
6931,1,381
6932,1,0
6933,1,0
6934,1,0
6935,1,473
6936,1,0
6937,1,0
6938,1,514
6939,1,205
6940,1,448
6941,1,508
6942,1,423
6943,1,325
6944,1,0
6945,1,473
6946,1,0
6947,1,0
6948,1,0
6949,1,176
6950,1,347
6951,1,0
6952,1,0
6953,1,0
6954,1,0
6955,1,0
6956,1,0
6957,1,0
6958,1,0
6959,1,0
6960,1,237
6961,1,531
6962,1,584
6963,1,265
6964,1,0
6965,1,272
6966,1,0
6967,1,353
6968,1,0
6969,1,567
6970,1,496
6971,1,0
6972,1,0
6973,1,0
6974,1,0
6975,1,375
6976,1,0
6977,1,586
6978,1,0
6979,1,551
6980,1,0
6981,1,336
6982,1,359
6983,1,0
6984,1,0
6985,1,235
6986,1,0
6987,1,0
6988,1,0
6989,1,195
6990,1,0
6991,1,0
6992,1,354
6993,1,253
6994,1,0
6995,1,234
6996,1,0
6997,1,393
6998,1,590
6999,1,457
7000,1,453
7001,1,563
7002,1,293
7003,1,367
7004,1,0
7005,1,0
7006,1,523
7007,1,0
7008,1,0
7009,1,0
7010,1,0
7011,1,412
7012,1,0
7013,1,502
7014,1,0
7015,1,269
7016,1,0
7017,1,524
7018,1,449
7019,1,259
7020,1,134
7021,1,0
7022,1,0
7023,1,203
7024,1,573
7025,1,0
7026,1,0
7027,1,0
7028,1,0
7029,1,317
7030,1,164
7031,1,478
7032,1,0
7033,1,0
7034,1,0
7035,1,0
7036,1,0
7037,1,406
7038,1,286
7039,1,0
7040,1,0
7041,1,0
7042,1,0
7043,1,414
7044,1,0
7045,1,0
7046,1,0
7047,1,0
7048,1,264
7049,1,181
7050,1,541
7051,1,0
7052,1,539
7053,1,282
7054,1,0
7055,1,402
7056,1,216
7057,1,495
7058,1,134
7059,1,433
7060,1,0
7061,1,392
7062,1,0
7063,1,123
7064,1,546
7065,1,0
7066,1,0
7067,1,153
7068,1,148
7069,1,0
7070,1,0
7071,1,0
7072,1,295
7073,1,0
7074,1,572
7075,1,496
7076,1,482
7077,1,446
7078,1,0
7079,1,0
7080,1,0
7081,1,0
7082,1,0
7083,1,0
7084,1,0
7085,1,214
7086,1,152
7087,1,440
7088,1,0
7089,1,0
7090,1,0
7091,1,0
7092,1,0
7093,1,347
7094,1,0
7095,1,135
7096,1,0
7097,1,364
7098,1,0
7099,1,0
7100,1,0
7101,1,561
7102,1,0
7103,1,0
7104,1,504
7105,1,261
7106,1,0
7107,1,0
7108,1,147
7109,1,591
7110,1,548
7111,1,110
7112,1,263
7113,1,0
7114,1,0
7115,1,0
7116,1,295
7117,1,134
7118,1,209
7119,1,0
7120,1,533
7121,1,149
7122,1,0
7123,1,301
7124,1,353
7125,1,0
7126,1,0
7127,1,0
7128,1,253
7129,1,340
7130,1,164
7131,1,428
7132,1,0
7133,1,297
7134,1,0
7135,1,0
7136,1,273
7137,1,0
7138,1,230
7139,1,0
7140,1,241
7141,1,302
7142,1,282
7143,1,325
7144,1,0
7145,1,0
7146,1,0
7147,1,0
7148,1,288
7149,1,211
7150,1,0
7151,1,0
7152,1,542
7153,1,366
7154,1,402
7155,1,487
7156,1,396
7157,1,270
7158,1,0
7159,1,0
7160,1,464
7161,1,206
7162,1,0
7163,1,497
7164,1,0
7165,1,298
7166,1,268
7167,1,235
7168,1,453
7169,1,0
7170,1,461
7171,1,0
7172,1,555
7173,1,205
7174,1,209
7175,1,419
7176,1,0
7177,1,500
7178,1,0
7179,1,0
7180,1,533
7181,1,332
7182,1,413
7183,1,437
7184,1,220
7185,1,0
7186,1,0
7187,1,257
7188,1,340
7189,1,174
7190,1,156
7191,1,0
7192,1,223
7193,1,468
7194,1,0
7195,1,0
7196,1,337
7197,1,0
7198,1,436
7199,1,0
7200,1,530
7201,1,0
7202,1,0
7203,1,0
7204,1,0
7205,1,0
7206,1,0
7207,1,0
7208,1,294
7209,1,427
7210,1,0
7211,1,0
7212,1,0
7213,1,579
7214,1,0
7215,1,304
7216,1,0
7217,1,339
7218,1,265
7219,1,324
7220,1,163
7221,1,553
7222,1,0
7223,1,0
7224,1,207
7225,1,552
7226,1,503
7227,1,248
7228,1,0
7229,1,186
7230,1,0
7231,1,380
7232,1,466
7233,1,0
7234,1,0
7235,1,414
7236,1,325
7237,1,0
7238,1,574
7239,1,406
7240,1,0
7241,1,0
7242,1,203
7243,1,117
7244,1,150
7245,1,0
7246,1,0
7247,1,413
7248,1,0
7249,1,248
7250,1,588
7251,1,258
7252,1,0
7253,1,0
7254,1,0
7255,1,432
7256,1,479
7257,1,0
7258,1,518
7259,1,0
7260,1,0
7261,1,394
7262,1,177
7263,1,558
7264,1,168
7265,1,0
7266,1,0
7267,1,0
7268,1,0
7269,1,131
7270,1,0
7271,1,0
7272,1,244
7273,1,532
7274,1,0
7275,1,493
7276,1,320
7277,1,420
7278,1,0
7279,1,247
7280,1,222
7281,1,0
7282,1,147
7283,1,491
7284,1,0
7285,1,398
7286,1,0
7287,1,0
7288,1,254
7289,1,146
7290,1,280
7291,1,0
7292,1,0
7293,1,490
7294,1,0
7295,1,146
7296,1,416
7297,1,0
7298,1,0
7299,1,578
7300,1,379
7301,1,207
7302,1,561
7303,1,0
7304,1,0
7305,1,0
7306,1,0
7307,1,0
7308,1,0
7309,1,0
7310,1,125
7311,1,113
7312,1,255
7313,1,0
7314,1,0
7315,1,0
7316,1,310
7317,1,275
7318,1,0
7319,1,0
7320,1,0
7321,1,0
7322,1,380
7323,1,0
7324,1,590
7325,1,274
7326,1,0
7327,1,176
7328,1,0
7329,1,0
7330,1,0
7331,1,0
7332,1,511
7333,1,0
7334,1,333
7335,1,0
7336,1,510
7337,1,374
7338,1,0
7339,1,239
7340,1,365
7341,1,0
7342,1,117
7343,1,0
7344,1,341
7345,1,0
7346,1,0
7347,1,194
7348,1,0
7349,1,407
7350,1,0
7351,1,410
7352,1,0
7353,1,0
7354,1,273
7355,1,0
7356,1,409
7357,1,416
7358,1,0
7359,1,572
7360,1,467
7361,1,0
7362,1,186
7363,1,0
7364,1,145
7365,1,212
7366,1,0
7367,1,0
7368,1,0
7369,1,138
7370,1,0
7371,1,0
7372,1,0
7373,1,0
7374,1,514
7375,1,0
7376,1,542
7377,1,338
7378,1,0
7379,1,0
7380,1,0
7381,1,0
7382,1,0
7383,1,0
7384,1,0
7385,1,0
7386,1,0
7387,1,325
7388,1,0
7389,1,336
7390,1,0
7391,1,553
7392,1,398
7393,1,598
7394,1,245
7395,1,561
7396,1,0
7397,1,325
7398,1,0
7399,1,0
7400,1,285
7401,1,0
7402,1,0
7403,1,0
7404,1,0
7405,1,369
7406,1,576
7407,1,0
7408,1,0
7409,1,0
7410,1,570
7411,1,0
7412,1,0
7413,1,0
7414,1,313
7415,1,0
7416,1,351
7417,1,0
7418,1,144
7419,1,0
7420,1,0
7421,1,0
7422,1,0
7423,1,0
7424,1,0
7425,1,210
7426,1,0
7427,1,129
7428,1,0
7429,1,0
7430,1,0
7431,1,0
7432,1,0
7433,1,542
7434,1,195
7435,1,567
7436,1,574
7437,1,268
7438,1,420
7439,1,0
7440,1,183
7441,1,340
7442,1,0
7443,1,0
7444,1,140
7445,1,110
7446,1,0
7447,1,0
7448,1,0
7449,1,0
7450,1,466
7451,1,554
7452,1,534
7453,1,0
7454,1,0
7455,1,588
7456,1,0
7457,1,0
7458,1,0
7459,1,581
7460,1,527
7461,1,507
7462,1,0
7463,1,0
7464,1,0
7465,1,131
7466,1,302
7467,1,0
7468,1,566
7469,1,322
7470,1,0
7471,1,0
7472,1,0
7473,1,0
7474,1,0
7475,1,0
7476,1,300
7477,1,501
7478,1,0
7479,1,122
7480,1,0
7481,1,175
7482,1,0
7483,1,0
7484,1,0
7485,1,0
7486,1,310
7487,1,448
7488,1,0
7489,1,0
7490,1,511
7491,1,515
7492,1,536
7493,1,0
7494,1,0
7495,1,0
7496,1,434
7497,1,0
7498,1,452
7499,1,0
7500,1,0
7501,1,501
7502,1,339
7503,1,0
7504,1,181
7505,1,441
7506,1,0
7507,1,249
7508,1,146
7509,1,0
7510,1,350
7511,1,0
7512,1,480
7513,1,0
7514,1,0
7515,1,0
7516,1,289
7517,1,473
7518,1,248
7519,1,0
7520,1,340
7521,1,278
7522,1,0
7523,1,275
7524,1,507
7525,1,164
7526,1,361
7527,1,0
7528,1,0
7529,1,482
7530,1,465
7531,1,0
7532,1,493
7533,1,0
7534,1,298
7535,1,530
7536,1,282
7537,1,481
7538,1,0
7539,1,331
7540,1,0
7541,1,0
7542,1,0
7543,1,0
7544,1,0
7545,1,0
7546,1,369
7547,1,0
7548,1,474
7549,1,0
7550,1,309
7551,1,0
7552,1,0
7553,1,506
7554,1,0
7555,1,0
7556,1,0
7557,1,0
7558,1,0
7559,1,0
7560,1,240
7561,1,0
7562,1,594
7563,1,380
7564,1,0
7565,1,0
7566,1,0
7567,1,184
7568,1,428
7569,1,0
7570,1,547
7571,1,132
7572,1,0
7573,1,345
7574,1,429
7575,1,0
7576,1,371
7577,1,0
7578,1,113
7579,1,142
7580,1,167
7581,1,443
7582,1,336
7583,1,0
7584,1,361
7585,1,315
7586,1,0
7587,1,184
7588,1,240
7589,1,326
7590,1,0
7591,1,0
7592,1,0
7593,1,0
7594,1,166
7595,1,0
7596,1,451
7597,1,0
7598,1,340
7599,1,351
7600,1,163
7601,1,0
7602,1,582
7603,1,553
7604,1,0
7605,1,130
7606,1,0
7607,1,297
7608,1,0
7609,1,463
7610,1,0
7611,1,549
7612,1,441
7613,1,270
7614,1,0
7615,1,0
7616,1,0
7617,1,263
7618,1,0
7619,1,550
7620,1,0
7621,1,0
7622,1,0
7623,1,248
7624,1,321
7625,1,0
7626,1,153
7627,1,0
7628,1,0
7629,1,0
7630,1,0
7631,1,0
7632,1,498
7633,1,294
7634,1,433
7635,1,400
7636,1,198
7637,1,338
7638,1,114
7639,1,382
7640,1,470
7641,1,393
7642,1,0
7643,1,145
7644,1,275
7645,1,0
7646,1,519
7647,1,493
7648,1,372
7649,1,204
7650,1,0
7651,1,445
7652,1,200
7653,1,216
7654,1,0
7655,1,394
7656,1,0
7657,1,341
7658,1,0
7659,1,464
7660,1,531
7661,1,0
7662,1,0
7663,1,141
7664,1,513
7665,1,0
7666,1,0
7667,1,271
7668,1,0
7669,1,0
7670,1,0
7671,1,186
7672,1,541
7673,1,168
7674,1,0
7675,1,0
7676,1,555
7677,1,415
7678,1,0
7679,1,591
7680,1,0
7681,1,0
7682,1,289
7683,1,397
7684,1,206
7685,1,370
7686,1,587
7687,1,284
7688,1,0
7689,1,491
7690,1,531
7691,1,0
7692,1,0
7693,1,233
7694,1,540
7695,1,0
7696,1,0
7697,1,0
7698,1,305
7699,1,0
7700,1,559
7701,1,556
7702,1,0
7703,1,0
7704,1,571
7705,1,0
7706,1,137
7707,1,0
7708,1,388
7709,1,306
7710,1,0
7711,1,0
7712,1,0
7713,1,0
7714,1,512
7715,1,445
7716,1,246
7717,1,0
7718,1,408
7719,1,358
7720,1,252
7721,1,597
7722,1,0
7723,1,0
7724,1,436
7725,1,0
7726,1,0
7727,1,0
7728,1,309
7729,1,0
7730,1,0
7731,1,0
7732,1,0
7733,1,0
7734,1,212
7735,1,569
7736,1,0
7737,1,332
7738,1,574
7739,1,416
7740,1,0
7741,1,223
7742,1,453
7743,1,586
7744,1,322
7745,1,554
7746,1,0
7747,1,0
7748,1,483
7749,1,0
7750,1,0
7751,1,592
7752,1,519
7753,1,308
7754,1,552
7755,1,0
7756,1,533
7757,1,197
7758,1,0
7759,1,0
7760,1,0
7761,1,212
7762,1,0
7763,1,142
7764,1,299
7765,1,134
7766,1,131
7767,1,494
7768,1,168
7769,1,439
7770,1,0
7771,1,0
7772,1,436
7773,1,0
7774,1,266
7775,1,442
7776,1,0
7777,1,394
7778,1,592
7779,1,0
7780,1,0
7781,1,0
7782,1,0
7783,1,327
7784,1,347
7785,1,442
7786,1,303
7787,1,405
7788,1,215
7789,1,0
7790,1,274
7791,1,0
7792,1,0
7793,1,185
7794,1,0
7795,1,0
7796,1,230
7797,1,453
7798,1,319
7799,1,0
7800,1,334
7801,1,522
7802,1,443
7803,1,461
7804,1,313
7805,1,500
7806,1,0
7807,1,407
7808,1,210
7809,1,287
7810,1,0
7811,1,0
7812,1,327
7813,1,471
7814,1,0
7815,1,353
7816,1,242
7817,1,0
7818,1,0
7819,1,326
7820,1,0
7821,1,470
7822,1,374
7823,1,0
7824,1,516
7825,1,584
7826,1,346
7827,1,481
7828,1,0
7829,1,0
7830,1,246
7831,1,543
7832,1,0
7833,1,0
7834,1,0
7835,1,447
7836,1,110
7837,1,0
7838,1,0
7839,1,0
7840,1,0
7841,1,419
7842,1,394
7843,1,0
7844,1,177
7845,1,0
7846,1,158
7847,1,435
7848,1,570
7849,1,0
7850,1,251
7851,1,0
7852,1,0
7853,1,0
7854,1,593
7855,1,194
7856,1,0
7857,1,176
7858,1,416
7859,1,0
7860,1,0
7861,1,0
7862,1,0
7863,1,193
7864,1,447
7865,1,0
7866,1,432
7867,1,0
7868,1,0
7869,1,145
7870,1,0
7871,1,590
7872,1,0
7873,1,0
7874,1,120
7875,1,0
7876,1,0
7877,1,409
7878,1,250
7879,1,0
7880,1,0
7881,1,182
7882,1,232
7883,1,531
7884,1,489
7885,1,493
7886,1,0
7887,1,286
7888,1,290
7889,1,0
7890,1,566
7891,1,367
7892,1,0
7893,1,0
7894,1,0
7895,1,0
7896,1,481
7897,1,522
7898,1,0
7899,1,0
7900,1,503
7901,1,0
7902,1,554
7903,1,582
7904,1,0
7905,1,0
7906,1,450
7907,1,595
7908,1,0
7909,1,0
7910,1,0
7911,1,408
7912,1,0
7913,1,387
7914,1,0
7915,1,0
7916,1,0
7917,1,0
7918,1,0
7919,1,0
7920,1,0
7921,1,0
7922,1,0
7923,1,0
7924,1,426
7925,1,0
7926,1,127
7927,1,149
7928,1,312
7929,1,187
7930,1,0
7931,1,190
7932,1,0
7933,1,261
7934,1,499
7935,1,0
7936,1,577
7937,1,484
7938,1,0
7939,1,190
7940,1,0
7941,1,0
7942,1,0
7943,1,249
7944,1,0
7945,1,0
7946,1,0
7947,1,549
7948,1,449
7949,1,0
7950,1,369
7951,1,0
7952,1,495
7953,1,0
7954,1,396
7955,1,0
7956,1,434
7957,1,559
7958,1,0
7959,1,0
7960,1,361
7961,1,479
7962,1,0
7963,1,360
7964,1,0
7965,1,374
7966,1,542
7967,1,0
7968,1,466
7969,1,0
7970,1,124
7971,1,0
7972,1,0
7973,1,0
7974,1,0
7975,1,328
7976,1,0
7977,1,0
7978,1,0
7979,1,0
7980,1,273
7981,1,544
7982,1,0
7983,1,0
7984,1,126
7985,1,0
7986,1,208
7987,1,0
7988,1,0
7989,1,0
7990,1,421
7991,1,181
7992,1,498
7993,1,0
7994,1,0
7995,1,451
7996,1,337
7997,1,346
7998,1,387
7999,1,0
8000,1,0
8001,1,508
8002,1,585
8003,1,527
8004,1,0
8005,1,0
8006,1,195
8007,1,0
8008,1,172
8009,1,0
8010,1,0
8011,1,0
8012,1,334
8013,1,0
8014,1,234
8015,1,382
8016,1,198
8017,1,0
8018,1,0
8019,1,293
8020,1,481
8021,1,0
8022,1,0
8023,1,0
8024,1,336
8025,1,0
8026,1,534
8027,1,0
8028,1,0
8029,1,404
8030,1,390
8031,1,0
8032,1,0
8033,1,0
8034,1,155
8035,1,0
8036,1,0
8037,1,555
8038,1,163
8039,1,0
8040,1,498
8041,1,0
8042,1,0
8043,1,0
8044,1,0
8045,1,0
8046,1,526
8047,1,255
8048,1,0
8049,1,0
8050,1,0
8051,1,292
8052,1,0
8053,1,0
8054,1,0
8055,1,0
8056,1,0
8057,1,152
8058,1,0
8059,1,195
8060,1,0
8061,1,0
8062,1,139
8063,1,547
8064,1,270
8065,1,493
8066,1,245
8067,1,482
8068,1,144
8069,1,281
8070,1,248
8071,1,436
8072,1,293
8073,1,404
8074,1,0
8075,1,513
8076,1,0
8077,1,0
8078,1,0
8079,1,576
8080,1,461
8081,1,0
8082,1,0
8083,1,0
8084,1,0
8085,1,519
8086,1,0
8087,1,0
8088,1,414
8089,1,0
8090,1,0
8091,1,0
8092,1,0
8093,1,192
8094,1,181
8095,1,0
8096,1,0
8097,1,0
8098,1,467
8099,1,239
8100,1,0
8101,1,359
8102,1,0
8103,1,0
8104,1,0
8105,1,0
8106,1,0
8107,1,522
8108,1,0
8109,1,130
8110,1,355
8111,1,428
8112,1,583
8113,1,0
8114,1,0
8115,1,599
8116,1,0
8117,1,141
8118,1,0
8119,1,531
8120,1,340
8121,1,0
8122,1,0
8123,1,369
8124,1,0
8125,1,0
8126,1,0
8127,1,0
8128,1,0
8129,1,511
8130,1,119
8131,1,393
8132,1,430
8133,1,208
8134,1,0
8135,1,221
8136,1,586
8137,1,493
8138,1,0
8139,1,0
8140,1,117
8141,1,536
8142,1,0
8143,1,499
8144,1,0
8145,1,162
8146,1,0
8147,1,0
8148,1,474
8149,1,0
8150,1,0
8151,1,0
8152,1,0
8153,1,350
8154,1,0
8155,1,0
8156,1,0
8157,1,589
8158,1,207
8159,1,0
8160,1,230
8161,1,0
8162,1,0
8163,1,0
8164,1,409
8165,1,0
8166,1,546
8167,1,124
8168,1,0
8169,1,0
8170,1,286
8171,1,0
8172,1,0
8173,1,0
8174,1,451
8175,1,0
8176,1,414
8177,1,0
8178,1,488
8179,1,127
8180,1,447
8181,1,135
8182,1,0
8183,1,556
8184,1,0
8185,1,503
8186,1,0
8187,1,600
8188,1,306
8189,1,0
8190,1,0
8191,1,353
8192,1,0
8193,1,316
8194,1,183
8195,1,0
8196,1,0
8197,1,458
8198,1,466
8199,1,0
8200,1,0
8201,1,267
8202,1,0
8203,1,0
8204,1,519
8205,1,0
8206,1,271
8207,1,240
8208,1,337
8209,1,0
8210,1,581
8211,1,0
8212,1,346
8213,1,248
8214,1,412
8215,1,0
8216,1,0
8217,1,0
8218,1,131
8219,1,0
8220,1,0
8221,1,257
8222,1,565
8223,1,0
8224,1,125
8225,1,0
8226,1,0
8227,1,0
8228,1,0
8229,1,378
8230,1,0
8231,1,0
8232,1,0
8233,1,0
8234,1,193
8235,1,240
8236,1,0
8237,1,493
8238,1,0
8239,1,0
8240,1,0
8241,1,431
8242,1,569
8243,1,0
8244,1,147
8245,1,271
8246,1,386
8247,1,0
8248,1,0
8249,1,0
8250,1,519
8251,1,424
8252,1,162
8253,1,462
8254,1,0
8255,1,341
8256,1,557
8257,1,465
8258,1,0
8259,1,0
8260,1,0
8261,1,0
8262,1,0
8263,1,342
8264,1,266
8265,1,551
8266,1,384
8267,1,189
8268,1,553
8269,1,0
8270,1,0
8271,1,0
8272,1,0
8273,1,495
8274,1,0
8275,1,0
8276,1,0
8277,1,216
8278,1,0
8279,1,492
8280,1,287
8281,1,0
8282,1,164
8283,1,0
8284,1,508
8285,1,287
8286,1,0
8287,1,419
8288,1,0
8289,1,0
8290,1,0
8291,1,0
8292,1,586
8293,1,563
8294,1,309
8295,1,0
8296,1,0
8297,1,222
8298,1,0
8299,1,0
8300,1,469
8301,1,0
8302,1,185
8303,1,0
8304,1,0
8305,1,0
8306,1,0
8307,1,0
8308,1,291
8309,1,0
8310,1,526
8311,1,393
8312,1,0
8313,1,401
8314,1,0
8315,1,280
8316,1,0
8317,1,0
8318,1,167
8319,1,295
8320,1,0
8321,1,445
8322,1,0
8323,1,0
8324,1,521
8325,1,0
8326,1,0
8327,1,0
8328,1,0
8329,1,136
8330,1,0
8331,1,0
8332,1,432
8333,1,0
8334,1,178
8335,1,0
8336,1,0
8337,1,0
8338,1,490
8339,1,0
8340,1,325
8341,1,377
8342,1,0
8343,1,188
8344,1,0
8345,1,288
8346,1,241
8347,1,0
8348,1,279
8349,1,444
8350,1,0
8351,1,208
8352,1,587
8353,1,0
8354,1,508
8355,1,0
8356,1,0
8357,1,0
8358,1,0
8359,1,273
8360,1,466
8361,1,565
8362,1,458
8363,1,375
8364,1,0
8365,1,0
8366,1,448
8367,1,0
8368,1,0
8369,1,0
8370,1,347
8371,1,525
8372,1,0
8373,1,467
8374,1,306
8375,1,0
8376,1,129
8377,1,0
8378,1,437
8379,1,0
8380,1,298
8381,1,0
8382,1,282
8383,1,121
8384,1,0
8385,1,444
8386,1,0
8387,1,0
8388,1,0
8389,1,0
8390,1,587
8391,1,0
8392,1,0
8393,1,331
8394,1,500
8395,1,0
8396,1,0
8397,1,0
8398,1,0
8399,1,398
8400,1,576
8401,1,182
8402,1,149
8403,1,0
8404,1,261
8405,1,222
8406,1,411
8407,1,216
8408,1,0
8409,1,0
8410,1,158
8411,1,338
8412,1,0
8413,1,410
8414,1,0
8415,1,164
8416,1,0
8417,1,0
8418,1,372
8419,1,200
8420,1,0
8421,1,450
8422,1,0
8423,1,316
8424,1,0
8425,1,0
8426,1,190
8427,1,0
8428,1,558
8429,1,0
8430,1,453
8431,1,0
8432,1,486
8433,1,0
8434,1,0
8435,1,186
8436,1,0
8437,1,208
8438,1,0
8439,1,0
8440,1,587
8441,1,204
8442,1,338
8443,1,579
8444,1,264
8445,1,374
8446,1,0
8447,1,0
8448,1,335
8449,1,0
8450,1,0
8451,1,212
8452,1,487
8453,1,482
8454,1,0
8455,1,0
8456,1,572
8457,1,0
8458,1,524
8459,1,299
8460,1,0
8461,1,213
8462,1,588
8463,1,0
8464,1,173
8465,1,253
8466,1,223
8467,1,553
8468,1,0
8469,1,0
8470,1,577
8471,1,0
8472,1,0
8473,1,0
8474,1,573
8475,1,183
8476,1,219
8477,1,0
8478,1,454
8479,1,165
8480,1,239
8481,1,149
8482,1,0
8483,1,501
8484,1,396
8485,1,256
8486,1,209
8487,1,0
8488,1,0
8489,1,0
8490,1,0
8491,1,0
8492,1,450
8493,1,220
8494,1,489
8495,1,112
8496,1,0
8497,1,0
8498,1,547
8499,1,0
8500,1,115
8501,1,464
8502,1,550
8503,1,0
8504,1,314
8505,1,0
8506,1,265
8507,1,182
8508,1,349
8509,1,381
8510,1,202
8511,1,0
8512,1,292
8513,1,360
8514,1,522
8515,1,0
8516,1,0
8517,1,0
8518,1,0
8519,1,545
8520,1,0
8521,1,563
8522,1,0
8523,1,0
8524,1,0
8525,1,463
8526,1,0
8527,1,0
8528,1,0
8529,1,0
8530,1,0
8531,1,0
8532,1,0
8533,1,572
8534,1,580
8535,1,0
8536,1,564
8537,1,111
8538,1,0
8539,1,311
8540,1,522
8541,1,0
8542,1,559
8543,1,424
8544,1,0
8545,1,0
8546,1,505
8547,1,0
8548,1,332
8549,1,0
8550,1,237
8551,1,0
8552,1,0
8553,1,460
8554,1,0
8555,1,431
8556,1,0
8557,1,219
8558,1,0
8559,1,256
8560,1,121
8561,1,0
8562,1,0
8563,1,0
8564,1,521
8565,1,0
8566,1,0
8567,1,0
8568,1,419
8569,1,0
8570,1,0
8571,1,566
8572,1,219
8573,1,0
8574,1,565
8575,1,0
8576,1,0
8577,1,0
8578,1,565
8579,1,401
8580,1,456
8581,1,262
8582,1,111
8583,1,587
8584,1,0
8585,1,0
8586,1,0
8587,1,392
8588,1,0
8589,1,178
8590,1,290
8591,1,447
8592,1,0
8593,1,0
8594,1,0
8595,1,212
8596,1,289
8597,1,0
8598,1,115
8599,1,224
8600,1,0
8601,1,0
8602,1,0
8603,1,0
8604,1,0
8605,1,0
8606,1,492
8607,1,555
8608,1,0
8609,1,0
8610,1,0
8611,1,0
8612,1,363
8613,1,141
8614,1,0
8615,1,0
8616,1,401
8617,1,284
8618,1,496
8619,1,0
8620,1,0
8621,1,273
8622,1,0
8623,1,285
8624,1,410
8625,1,0
8626,1,342
8627,1,0
8628,1,0
8629,1,0
8630,1,273
8631,1,0
8632,1,154
8633,1,0
8634,1,0
8635,1,332
8636,1,0
8637,1,539
8638,1,461
8639,1,272
8640,1,0
8641,1,0
8642,1,172
8643,1,122
8644,1,529
8645,1,0
8646,1,0
8647,1,0
8648,1,381
8649,1,0
8650,1,450
8651,1,581
8652,1,0
8653,1,466
8654,1,0
8655,1,0
8656,1,0
8657,1,321
8658,1,0
8659,1,0
8660,1,575
8661,1,0
8662,1,235
8663,1,332
8664,1,0
8665,1,473
8666,1,0
8667,1,210
8668,1,162
8669,1,0
8670,1,0
8671,1,0
8672,1,127
8673,1,436
8674,1,125
8675,1,344
8676,1,468
8677,1,348
8678,1,0
8679,1,340
8680,1,0
8681,1,338
8682,1,0
8683,1,393
8684,1,0
8685,1,0
8686,1,0
8687,1,267
8688,1,0
8689,1,574
8690,1,0
8691,1,0
8692,1,0
8693,1,156
8694,1,0
8695,1,366
8696,1,477
8697,1,240
8698,1,382
8699,1,0
8700,1,588
8701,1,0
8702,1,158
8703,1,179
8704,1,247
8705,1,0
8706,1,0
8707,1,307
8708,1,122
8709,1,269
8710,1,0
8711,1,146
8712,1,0
8713,1,0
8714,1,0
8715,1,474
8716,1,0
8717,1,0
8718,1,248
8719,1,425
8720,1,499
8721,1,448
8722,1,119
8723,1,460
8724,1,595
8725,1,0
8726,1,0
8727,1,0
8728,1,0
8729,1,385
8730,1,588
8731,1,197
8732,1,542
8733,1,391
8734,1,0
8735,1,231
8736,1,232
8737,1,579
8738,1,0
8739,1,0
8740,1,0
8741,1,0
8742,1,300
8743,1,114
8744,1,177
8745,1,249
8746,1,190
8747,1,233
8748,1,465
8749,1,253
8750,1,278
8751,1,0
8752,1,294
8753,1,0
8754,1,0
8755,1,291
8756,1,0
8757,1,392
8758,1,186
8759,1,140
8760,1,145
8761,1,147
8762,1,323
8763,1,0
8764,1,213
8765,1,393
8766,1,260
8767,1,489
8768,1,419
8769,1,0
8770,1,0
8771,1,0
8772,1,465
8773,1,244
8774,1,0
8775,1,0
8776,1,186
8777,1,204
8778,1,324
8779,1,0
8780,1,229
8781,1,0
8782,1,0
8783,1,248
8784,1,457
8785,1,490
8786,1,218
8787,1,119
8788,1,0
8789,1,224
8790,1,0
8791,1,583
8792,1,0
8793,1,354
8794,1,357
8795,1,550
8796,1,0
8797,1,0
8798,1,372
8799,1,590
8800,1,365
8801,1,0
8802,1,0
8803,1,0
8804,1,298
8805,1,522
8806,1,143
8807,1,552
8808,1,0
8809,1,0
8810,1,541
8811,1,198
8812,1,0
8813,1,0
8814,1,0
8815,1,231
8816,1,513
8817,1,225
8818,1,132
8819,1,0
8820,1,244
8821,1,0
8822,1,0
8823,1,0
8824,1,191
8825,1,0
8826,1,0
8827,1,587
8828,1,0
8829,1,0
8830,1,299
8831,1,411
8832,1,0
8833,1,0
8834,1,330
8835,1,539
8836,1,149
8837,1,199
8838,1,174
8839,1,521
8840,1,572
8841,1,296
8842,1,0
8843,1,447
8844,1,113
8845,1,0
8846,1,0
8847,1,0
8848,1,0
8849,1,549
8850,1,304
8851,1,547
8852,1,166
8853,1,0
8854,1,0
8855,1,234
8856,1,289
8857,1,0
8858,1,223
8859,1,580
8860,1,488
8861,1,473
8862,1,198
8863,1,299
8864,1,0
8865,1,554
8866,1,473
8867,1,342
8868,1,0
8869,1,0
8870,1,531
8871,1,0
8872,1,0
8873,1,583
8874,1,455
8875,1,478
8876,1,0
8877,1,179
8878,1,0
8879,1,426
8880,1,420
8881,1,267
8882,1,0
8883,1,0
8884,1,0
8885,1,266
8886,1,0
8887,1,0
8888,1,0
8889,1,218
8890,1,0
8891,1,367
8892,1,0
8893,1,187
8894,1,0
8895,1,207
8896,1,464
8897,1,233
8898,1,197
8899,1,0
8900,1,0
8901,1,0
8902,1,0
8903,1,0
8904,1,0
8905,1,0
8906,1,0
8907,1,260
8908,1,386
8909,1,0
8910,1,0
8911,1,318
8912,1,0
8913,1,373
8914,1,536
8915,1,0
8916,1,382
8917,1,0
8918,1,0
8919,1,575
8920,1,0
8921,1,364
8922,1,0
8923,1,0
8924,1,0
8925,1,183
8926,1,0
8927,1,556
8928,1,440
8929,1,225
8930,1,0
8931,1,0
8932,1,0
8933,1,0
8934,1,211
8935,1,0
8936,1,0
8937,1,0
8938,1,135
8939,1,0
8940,1,0
8941,1,0
8942,1,533
8943,1,126
8944,1,238
8945,1,153
8946,1,0
8947,1,0
8948,1,351
8949,1,319
8950,1,381
8951,1,397
8952,1,0
8953,1,348
8954,1,0
8955,1,175
8956,1,450
8957,1,340
8958,1,493
8959,1,221
8960,1,0
8961,1,541
8962,1,129
8963,1,0
8964,1,0
8965,1,554
8966,1,599
8967,1,188
8968,1,303
8969,1,0
8970,1,0
8971,1,0
8972,1,197
8973,1,0
8974,1,0
8975,1,325
8976,1,0
8977,1,412
8978,1,368
8979,1,288
8980,1,484
8981,1,0
8982,1,0
8983,1,227
8984,1,332
8985,1,0
8986,1,0
8987,1,0
8988,1,449
8989,1,527
8990,1,145
8991,1,0
8992,1,0
8993,1,0
8994,1,0
8995,1,210
8996,1,0
8997,1,595
8998,1,181
8999,1,419
9000,1,0
9001,1,425
9002,1,0
9003,1,0
9004,1,0
9005,1,558
9006,1,135
9007,1,0
9008,1,0
9009,1,0
9010,1,214
9011,1,148
9012,1,544
9013,1,258
9014,1,0
9015,1,345
9016,1,532
9017,1,345
9018,1,0
9019,1,0
9020,1,0
9021,1,524
9022,1,591
9023,1,0
9024,1,517
9025,1,584
9026,1,141
9027,1,186
9028,1,0
9029,1,0
9030,1,0
9031,1,0
9032,1,0
9033,1,138
9034,1,199
9035,1,0
9036,1,0
9037,1,0
9038,1,0
9039,1,0
9040,1,0
9041,1,445
9042,1,0
9043,1,0
9044,1,0
9045,1,149
9046,1,354
9047,1,0
9048,1,122
9049,1,414
9050,1,0
9051,1,0
9052,1,0
9053,1,432
9054,1,0
9055,1,479
9056,1,367
9057,1,576
9058,1,0
9059,1,564
9060,1,244
9061,1,422
9062,1,534
9063,1,0
9064,1,0
9065,1,0
9066,1,0
9067,1,243
9068,1,0
9069,1,521
9070,1,0
9071,1,310
9072,1,0
9073,1,441
9074,1,0
9075,1,395
9076,1,0
9077,1,0
9078,1,327
9079,1,0
9080,1,374
9081,1,0
9082,1,0
9083,1,0
9084,1,219
9085,1,0
9086,1,0
9087,1,0
9088,1,294
9089,1,544
9090,1,496
9091,1,591
9092,1,314
9093,1,0
9094,1,0
9095,1,278
9096,1,446
9097,1,0
9098,1,526
9099,1,127
9100,1,394
9101,1,0
9102,1,0
9103,1,0
9104,1,410
9105,1,0
9106,1,315
9107,1,317
9108,1,0
9109,1,164
9110,1,553
9111,1,276
9112,1,0
9113,1,143
9114,1,325
9115,1,442
9116,1,268
9117,1,0
9118,1,0
9119,1,392
9120,1,0
9121,1,0
9122,1,0
9123,1,222
9124,1,110
9125,1,0
9126,1,0
9127,1,0
9128,1,0
9129,1,437
9130,1,413
9131,1,0
9132,1,0
9133,1,0
9134,1,123
9135,1,280
9136,1,0
9137,1,341
9138,1,194
9139,1,501
9140,1,141
9141,1,351
9142,1,0
9143,1,0
9144,1,193
9145,1,0
9146,1,0
9147,1,0
9148,1,354
9149,1,0
9150,1,243
9151,1,180
9152,1,264
9153,1,470
9154,1,0
9155,1,567
9156,1,0
9157,1,154
9158,1,302
9159,1,578
9160,1,134
9161,1,0
9162,1,286
9163,1,451
9164,1,0
9165,1,0
9166,1,0
9167,1,0
9168,1,0
9169,1,0
9170,1,0
9171,1,0
9172,1,209
9173,1,0
9174,1,0
9175,1,417
9176,1,0
9177,1,189
9178,1,201
9179,1,0
9180,1,0
9181,1,287
9182,1,0
9183,1,167
9184,1,141
9185,1,0
9186,1,110
9187,1,0
9188,1,411
9189,1,0
9190,1,0
9191,1,0
9192,1,123
9193,1,302
9194,1,0
9195,1,155
9196,1,0
9197,1,0
9198,1,140
9199,1,0
9200,1,119
9201,1,142
9202,1,0
9203,1,0
9204,1,0
9205,1,502
9206,1,0
9207,1,178
9208,1,0
9209,1,444
9210,1,147
9211,1,284
9212,1,0
9213,1,201
9214,1,424
9215,1,267
9216,1,0
9217,1,396
9218,1,0
9219,1,0
9220,1,0
9221,1,495
9222,1,0
9223,1,221
9224,1,402
9225,1,146
9226,1,527
9227,1,0
9228,1,289
9229,1,0
9230,1,0
9231,1,0
9232,1,0
9233,1,0
9234,1,0
9235,1,471
9236,1,0
9237,1,554
9238,1,0
9239,1,372
9240,1,0
9241,1,112
9242,1,537
9243,1,0
9244,1,0
9245,1,310
9246,1,131
9247,1,0
9248,1,491
9249,1,0
9250,1,0
9251,1,0
9252,1,265
9253,1,0
9254,1,0
9255,1,535
9256,1,0
9257,1,0
9258,1,328
9259,1,333
9260,1,0
9261,1,133
9262,1,490
9263,1,0
9264,1,0
9265,1,0
9266,1,0
9267,1,542
9268,1,475
9269,1,0
9270,1,0
9271,1,0
9272,1,507
9273,1,0
9274,1,374
9275,1,152
9276,1,0
9277,1,189
9278,1,0
9279,1,211
9280,1,558
9281,1,363
9282,1,0
9283,1,0
9284,1,0
9285,1,0
9286,1,0
9287,1,176
9288,1,460
9289,1,0
9290,1,178
9291,1,0
9292,1,0
9293,1,593
9294,1,0
9295,1,0
9296,1,555
9297,1,566
9298,1,0
9299,1,0
9300,1,177
9301,1,400
9302,1,317
9303,1,372
9304,1,0
9305,1,0
9306,1,0
9307,1,0
9308,1,0
9309,1,0
9310,1,0
9311,1,0
9312,1,386
9313,1,0
9314,1,441
9315,1,0
9316,1,557
9317,1,445
9318,1,158
9319,1,365
9320,1,244
9321,1,0
9322,1,0
9323,1,0
9324,1,528
9325,1,386
9326,1,0
9327,1,0
9328,1,0
9329,1,0
9330,1,577
9331,1,0
9332,1,122
9333,1,489
9334,1,0
9335,1,0
9336,1,197
9337,1,519
9338,1,0
9339,1,461
9340,1,242
9341,1,416
9342,1,0
9343,1,0
9344,1,351
9345,1,477
9346,1,0
9347,1,0
9348,1,0
9349,1,571
9350,1,540
9351,1,488
9352,1,0
9353,1,0
9354,1,0
9355,1,226
9356,1,0
9357,1,0
9358,1,174
9359,1,508
9360,1,0
9361,1,0
9362,1,0
9363,1,552
9364,1,389
9365,1,533
9366,1,0
9367,1,310
9368,1,0
9369,1,0
9370,1,292
9371,1,535
9372,1,0
9373,1,423
9374,1,233
9375,1,0
9376,1,0
9377,1,0
9378,1,549
9379,1,0
9380,1,288
9381,1,0
9382,1,522
9383,1,345
9384,1,0
9385,1,0
9386,1,565
9387,1,0
9388,1,0
9389,1,110
9390,1,0
9391,1,0
9392,1,428
9393,1,0
9394,1,426
9395,1,0
9396,1,0
9397,1,591
9398,1,566
9399,1,262
9400,1,470
9401,1,151
9402,1,0
9403,1,220
9404,1,0
9405,1,0
9406,1,242
9407,1,290
9408,1,111
9409,1,414
9410,1,0
9411,1,0
9412,1,0
9413,1,201
9414,1,0
9415,1,576
9416,1,210
9417,1,0
9418,1,468
9419,1,0
9420,1,559
9421,1,0
9422,1,0
9423,1,342
9424,1,0
9425,1,0
9426,1,403
9427,1,568
9428,1,0
9429,1,0
9430,1,0
9431,1,0
9432,1,156
9433,1,189
9434,1,0
9435,1,0
9436,1,532
9437,1,528
9438,1,0
9439,1,0
9440,1,377
9441,1,545
9442,1,0
9443,1,239
9444,1,0
9445,1,350
9446,1,234
9447,1,0
9448,1,120
9449,1,472
9450,1,0
9451,1,344
9452,1,199
9453,1,0
9454,1,138
9455,1,0
9456,1,395
9457,1,0
9458,1,348
9459,1,531
9460,1,199
9461,1,0
9462,1,126
9463,1,457
9464,1,594
9465,1,322
9466,1,157
9467,1,0
9468,1,0
9469,1,0
9470,1,437
9471,1,0
9472,1,167
9473,1,292
9474,1,0
9475,1,535
9476,1,0
9477,1,581
9478,1,0
9479,1,460
9480,1,0
9481,1,0
9482,1,0
9483,1,467
9484,1,0
9485,1,0
9486,1,0
9487,1,390
9488,1,0
9489,1,0
9490,1,555
9491,1,0
9492,1,0
9493,1,441
9494,1,437
9495,1,0
9496,1,0
9497,1,0
9498,1,0
9499,1,0
9500,1,0
9501,1,572
9502,1,0
9503,1,503
9504,1,0
9505,1,544
9506,1,290
9507,1,0
9508,1,0
9509,1,0
9510,1,401
9511,1,270
9512,1,137
9513,1,0
9514,1,0
9515,1,378
9516,1,0
9517,1,129
9518,1,0
9519,1,328
9520,1,0
9521,1,0
9522,1,0
9523,1,204
9524,1,0
9525,1,0
9526,1,0
9527,1,284
9528,1,0
9529,1,0
9530,1,399
9531,1,434
9532,1,404
9533,1,506
9534,1,290
9535,1,0
9536,1,0
9537,1,0
9538,1,0
9539,1,0
9540,1,236
9541,1,0
9542,1,0
9543,1,284
9544,1,0
9545,1,0
9546,1,573
9547,1,0
9548,1,245
9549,1,0
9550,1,0
9551,1,358
9552,1,0
9553,1,355
9554,1,0
9555,1,0
9556,1,0
9557,1,248
9558,1,0
9559,1,490
9560,1,510
9561,1,0
9562,1,250
9563,1,119
9564,1,368
9565,1,0
9566,1,0
9567,1,0
9568,1,418
9569,1,509
9570,1,286
9571,1,534
9572,1,360
9573,1,186
9574,1,0
9575,1,583
9576,1,0
9577,1,0
9578,1,358
9579,1,110
9580,1,0
9581,1,0
9582,1,154
9583,1,0
9584,1,0
9585,1,0
9586,1,0
9587,1,0
9588,1,0
9589,1,0
9590,1,403
9591,1,232
9592,1,0
9593,1,0
9594,1,541
9595,1,376
9596,1,292
9597,1,542
9598,1,0
9599,1,0
9600,1,0
9601,1,0
9602,1,237
9603,1,0
9604,1,597
9605,1,448
9606,1,126
9607,1,569
9608,1,337
9609,1,0
9610,1,0
9611,1,0
9612,1,546
9613,1,0
9614,1,0
9615,1,556
9616,1,0
9617,1,0
9618,1,0
9619,1,198
9620,1,328
9621,1,220
9622,1,0
9623,1,379
9624,1,0
9625,1,0
9626,1,400
9627,1,124
9628,1,0
9629,1,260
9630,1,254
9631,1,0
9632,1,453
9633,1,405
9634,1,0
9635,1,513
9636,1,0
9637,1,577
9638,1,328
9639,1,357
9640,1,0
9641,1,0
9642,1,296
9643,1,505
9644,1,0
9645,1,506
9646,1,0
9647,1,581
9648,1,348
9649,1,347
9650,1,0
9651,1,0
9652,1,476
9653,1,380
9654,1,0
9655,1,478
9656,1,441
9657,1,0
9658,1,0
9659,1,0
9660,1,247
9661,1,491
9662,1,0
9663,1,0
9664,1,251
9665,1,0
9666,1,0
9667,1,0
9668,1,0
9669,1,125
9670,1,0
9671,1,159
9672,1,0
9673,1,339
9674,1,288
9675,1,441
9676,1,0
9677,1,0
9678,1,0
9679,1,190
9680,1,0
9681,1,0
9682,1,0
9683,1,529
9684,1,0
9685,1,314
9686,1,567
9687,1,0
9688,1,0
9689,1,110
9690,1,558
9691,1,117
9692,1,0
9693,1,250
9694,1,0
9695,1,0
9696,1,0
9697,1,0
9698,1,0
9699,1,185
9700,1,182
9701,1,0
9702,1,0
9703,1,484
9704,1,525
9705,1,394
9706,1,418
9707,1,573
9708,1,198
9709,1,369
9710,1,477
9711,1,422
9712,1,365
9713,1,0
9714,1,0
9715,1,476
9716,1,525
9717,1,187
9718,1,0
9719,1,0
9720,1,216
9721,1,0
9722,1,0
9723,1,0
9724,1,0
9725,1,0
9726,1,219
9727,1,580
9728,1,542
9729,1,0
9730,1,0
9731,1,0
9732,1,540
9733,1,0
9734,1,0
9735,1,576
9736,1,0
9737,1,212
9738,1,397
9739,1,391
9740,1,295
9741,1,159
9742,1,473
9743,1,0
9744,1,0
9745,1,0
9746,1,0
9747,1,472
9748,1,0
9749,1,394
9750,1,0
9751,1,404
9752,1,125
9753,1,0
9754,1,135
9755,1,569
9756,1,366
9757,1,461
9758,1,0
9759,1,495
9760,1,0
9761,1,0
9762,1,150
9763,1,0
9764,1,0
9765,1,439
9766,1,0
9767,1,283
9768,1,445
9769,1,0
9770,1,233
9771,1,531
9772,1,254
9773,1,590
9774,1,0
9775,1,427
9776,1,401
9777,1,0
9778,1,538
9779,1,0
9780,1,0
9781,1,0
9782,1,0
9783,1,554
9784,1,0
9785,1,0
9786,1,526
9787,1,510
9788,1,509
9789,1,0
9790,1,400
9791,1,0
9792,1,308
9793,1,212
9794,1,315
9795,1,0
9796,1,0
9797,1,392
9798,1,234
9799,1,0
9800,1,0
9801,1,0
9802,1,271
9803,1,0
9804,1,0
9805,1,0
9806,1,0
9807,1,236
9808,1,0
9809,1,277
9810,1,304
9811,1,541
9812,1,0
9813,1,0
9814,1,0
9815,1,0
9816,1,0
9817,1,0
9818,1,323
9819,1,0
9820,1,0
9821,1,592
9822,1,297
9823,1,0
9824,1,0
9825,1,217
9826,1,441
9827,1,337
9828,1,0
9829,1,0
9830,1,254
9831,1,0
9832,1,426
9833,1,0
9834,1,350
9835,1,0
9836,1,181
9837,1,0
9838,1,370
9839,1,288
9840,1,0
9841,1,457
9842,1,401
9843,1,200
9844,1,343
9845,1,0
9846,1,0
9847,1,0
9848,1,378
9849,1,0
9850,1,0
9851,1,0
9852,1,520
9853,1,525
9854,1,366
9855,1,0
9856,1,0
9857,1,345
9858,1,514
9859,1,0
9860,1,134
9861,1,0
9862,1,0
9863,1,0
9864,1,293
9865,1,0
9866,1,0
9867,1,196
9868,1,350
9869,1,537
9870,1,0
9871,1,0
9872,1,0
9873,1,0
9874,1,0
9875,1,463
9876,1,504
9877,1,437
9878,1,309
9879,1,0
9880,1,0
9881,1,490
9882,1,483
9883,1,228
9884,1,578
9885,1,0
9886,1,0
9887,1,0
9888,1,307
9889,1,250
9890,1,304
9891,1,167
9892,1,131
9893,1,426
9894,1,0
9895,1,208
9896,1,560
9897,1,0
9898,1,457
9899,1,0
9900,1,404
9901,1,0
9902,1,0
9903,1,0
9904,1,0
9905,1,0
9906,1,0
9907,1,430
9908,1,314
9909,1,137
9910,1,396
9911,1,270
9912,1,0
9913,1,0
9914,1,526
9915,1,323
9916,1,390
9917,1,0
9918,1,0
9919,1,0
9920,1,0
9921,1,456
9922,1,0
9923,1,240
9924,1,0
9925,1,440
9926,1,0
9927,1,0
9928,1,0
9929,1,251
9930,1,594
9931,1,338
9932,1,488
9933,1,304
9934,1,0
9935,1,0
9936,1,587
9937,1,0
9938,1,206
9939,1,0
9940,1,264
9941,1,0
9942,1,0
9943,1,143
9944,1,0
9945,1,0
9946,1,399
9947,1,0
9948,1,0
9949,1,0
9950,1,370
9951,1,0
9952,1,298
9953,1,196
9954,1,0
9955,1,0
9956,1,410
9957,1,0
9958,1,333
9959,1,0
9960,1,417
9961,1,0
9962,1,568
9963,1,0
9964,1,0
9965,1,572
9966,1,379
9967,1,0
9968,1,0
9969,1,498
9970,1,0
9971,1,0
9972,1,0
9973,1,0
9974,1,0
9975,1,0
9976,1,0
9977,1,0
9978,1,0
9979,1,0
9980,1,299
9981,1,443
9982,1,0
9983,1,570
9984,1,0
9985,1,0
9986,1,0
9987,1,0
9988,1,305
9989,1,139
9990,1,0
9991,1,580
9992,1,0
9993,1,342
9994,1,0
9995,1,0
9996,1,482
9997,1,531
9998,1,118
9999,1,123
10000,1,0
